"Total Time","Mean Performance","Wallclock Time","Incumbent ID","Automatic Configurator Time","Configuration..."
0.1159, 100000000, 0.0003, 0, 0.1159, alpha='100', beta='0.001', bound='2.0', crossoverRate='0.6', elitism='0.01', interAttemptRate='10', interMutationRate='0.25', intraMutationRate='0.2', populationSize='400', probBestIndividual='0.8', probReversal='0.33', probSingle='0.33'
0.2170, 6669.0, 4.7163, 0, 0.1170, alpha='100', beta='0.001', bound='2.0', crossoverRate='0.6', elitism='0.01', interAttemptRate='10', interMutationRate='0.25', intraMutationRate='0.2', populationSize='400', probBestIndividual='0.8', probReversal='0.33', probSingle='0.33'
0.9252, 6399.0, 30.5809, 7, 0.1252, alpha='50', beta='0.05', bound='3.0', crossoverRate='1.0', elitism='0.15', interAttemptRate='2', interMutationRate='0.5', intraMutationRate='1.0', populationSize='200', probBestIndividual='0.8', probReversal='0.75', probSingle='0.25'
1.1277, 6259.0, 43.7235, 9, 0.1277, alpha='200', beta='10.0', bound='3.0', crossoverRate='0.75', elitism='0.1', interAttemptRate='2', interMutationRate='1.0', intraMutationRate='0.5', populationSize='50', probBestIndividual='0.7', probReversal='0.0', probSingle='0.25'
1.3301, 6205.0, 53.6517, 11, 0.1301, alpha='200', beta='10.0', bound='3.0', crossoverRate='0.75', elitism='0.1', interAttemptRate='2', interMutationRate='0.2', intraMutationRate='0.5', populationSize='50', probBestIndividual='0.7', probReversal='0.0', probSingle='0.25'
1.4314, 6297.0, 57.3424, 11, 0.1314, alpha='200', beta='10.0', bound='3.0', crossoverRate='0.75', elitism='0.1', interAttemptRate='2', interMutationRate='0.2', intraMutationRate='0.5', populationSize='50', probBestIndividual='0.7', probReversal='0.0', probSingle='0.25'
1.9375, 6255.666666666667, 81.9934, 11, 0.1375, alpha='200', beta='10.0', bound='3.0', crossoverRate='0.75', elitism='0.1', interAttemptRate='2', interMutationRate='0.2', intraMutationRate='0.5', populationSize='50', probBestIndividual='0.7', probReversal='0.0', probSingle='0.25'
2.1397, 6288.0, 89.2603, 11, 0.1397, alpha='200', beta='10.0', bound='3.0', crossoverRate='0.75', elitism='0.1', interAttemptRate='2', interMutationRate='0.2', intraMutationRate='0.5', populationSize='50', probBestIndividual='0.7', probReversal='0.0', probSingle='0.25'
2.3420, 6331.0, 99.7108, 11, 0.1420, alpha='200', beta='10.0', bound='3.0', crossoverRate='0.75', elitism='0.1', interAttemptRate='2', interMutationRate='0.2', intraMutationRate='0.5', populationSize='50', probBestIndividual='0.7', probReversal='0.0', probSingle='0.25'
6.4902, 6364.333333333333, 280.5035, 11, 0.1902, alpha='200', beta='10.0', bound='3.0', crossoverRate='0.75', elitism='0.1', interAttemptRate='2', interMutationRate='0.2', intraMutationRate='0.5', populationSize='50', probBestIndividual='0.7', probReversal='0.0', probSingle='0.25'
6.6922, 6352.714285714285, 289.2394, 11, 0.1922, alpha='200', beta='10.0', bound='3.0', crossoverRate='0.75', elitism='0.1', interAttemptRate='2', interMutationRate='0.2', intraMutationRate='0.5', populationSize='50', probBestIndividual='0.7', probReversal='0.0', probSingle='0.25'
6.8947, 6331.125, 297.0780, 11, 0.1947, alpha='200', beta='10.0', bound='3.0', crossoverRate='0.75', elitism='0.1', interAttemptRate='2', interMutationRate='0.2', intraMutationRate='0.5', populationSize='50', probBestIndividual='0.7', probReversal='0.0', probSingle='0.25'
7.0975, 6331.666666666667, 306.6237, 11, 0.1975, alpha='200', beta='10.0', bound='3.0', crossoverRate='0.75', elitism='0.1', interAttemptRate='2', interMutationRate='0.2', intraMutationRate='0.5', populationSize='50', probBestIndividual='0.7', probReversal='0.0', probSingle='0.25'
7.3002, 6341.8, 316.7711, 11, 0.2002, alpha='200', beta='10.0', bound='3.0', crossoverRate='0.75', elitism='0.1', interAttemptRate='2', interMutationRate='0.2', intraMutationRate='0.5', populationSize='50', probBestIndividual='0.7', probReversal='0.0', probSingle='0.25'
7.5029, 6340.181818181818, 325.8157, 11, 0.2029, alpha='200', beta='10.0', bound='3.0', crossoverRate='0.75', elitism='0.1', interAttemptRate='2', interMutationRate='0.2', intraMutationRate='0.5', populationSize='50', probBestIndividual='0.7', probReversal='0.0', probSingle='0.25'
7.7059, 6347.75, 334.8041, 11, 0.2059, alpha='200', beta='10.0', bound='3.0', crossoverRate='0.75', elitism='0.1', interAttemptRate='2', interMutationRate='0.2', intraMutationRate='0.5', populationSize='50', probBestIndividual='0.7', probReversal='0.0', probSingle='0.25'
7.9086, 6336.153846153846, 343.1067, 11, 0.2086, alpha='200', beta='10.0', bound='3.0', crossoverRate='0.75', elitism='0.1', interAttemptRate='2', interMutationRate='0.2', intraMutationRate='0.5', populationSize='50', probBestIndividual='0.7', probReversal='0.0', probSingle='0.25'
8.1117, 6339.571428571428, 352.0296, 11, 0.2117, alpha='200', beta='10.0', bound='3.0', crossoverRate='0.75', elitism='0.1', interAttemptRate='2', interMutationRate='0.2', intraMutationRate='0.5', populationSize='50', probBestIndividual='0.7', probReversal='0.0', probSingle='0.25'
8.3147, 6349.933333333333, 361.2862, 11, 0.2147, alpha='200', beta='10.0', bound='3.0', crossoverRate='0.75', elitism='0.1', interAttemptRate='2', interMutationRate='0.2', intraMutationRate='0.5', populationSize='50', probBestIndividual='0.7', probReversal='0.0', probSingle='0.25'
8.5178, 6349.375, 371.6496, 11, 0.2178, alpha='200', beta='10.0', bound='3.0', crossoverRate='0.75', elitism='0.1', interAttemptRate='2', interMutationRate='0.2', intraMutationRate='0.5', populationSize='50', probBestIndividual='0.7', probReversal='0.0', probSingle='0.25'
8.7209, 6348.411764705882, 380.9272, 11, 0.2209, alpha='200', beta='10.0', bound='3.0', crossoverRate='0.75', elitism='0.1', interAttemptRate='2', interMutationRate='0.2', intraMutationRate='0.5', populationSize='50', probBestIndividual='0.7', probReversal='0.0', probSingle='0.25'
8.9242, 6354.833333333333, 389.6397, 11, 0.2242, alpha='200', beta='10.0', bound='3.0', crossoverRate='0.75', elitism='0.1', interAttemptRate='2', interMutationRate='0.2', intraMutationRate='0.5', populationSize='50', probBestIndividual='0.7', probReversal='0.0', probSingle='0.25'
9.1273, 6358.473684210527, 397.4534, 11, 0.2273, alpha='200', beta='10.0', bound='3.0', crossoverRate='0.75', elitism='0.1', interAttemptRate='2', interMutationRate='0.2', intraMutationRate='0.5', populationSize='50', probBestIndividual='0.7', probReversal='0.0', probSingle='0.25'
9.3307, 6354.2, 407.6672, 11, 0.2307, alpha='200', beta='10.0', bound='3.0', crossoverRate='0.75', elitism='0.1', interAttemptRate='2', interMutationRate='0.2', intraMutationRate='0.5', populationSize='50', probBestIndividual='0.7', probReversal='0.0', probSingle='0.25'
9.5336, 6355.809523809524, 416.6850, 11, 0.2336, alpha='200', beta='10.0', bound='3.0', crossoverRate='0.75', elitism='0.1', interAttemptRate='2', interMutationRate='0.2', intraMutationRate='0.5', populationSize='50', probBestIndividual='0.7', probReversal='0.0', probSingle='0.25'
9.7368, 6349.045454545455, 425.6873, 11, 0.2368, alpha='200', beta='10.0', bound='3.0', crossoverRate='0.75', elitism='0.1', interAttemptRate='2', interMutationRate='0.2', intraMutationRate='0.5', populationSize='50', probBestIndividual='0.7', probReversal='0.0', probSingle='0.25'
9.9412, 6349.565217391304, 434.9940, 11, 0.2412, alpha='200', beta='10.0', bound='3.0', crossoverRate='0.75', elitism='0.1', interAttemptRate='2', interMutationRate='0.2', intraMutationRate='0.5', populationSize='50', probBestIndividual='0.7', probReversal='0.0', probSingle='0.25'
10.1449, 6351.833333333333, 442.4624, 11, 0.2449, alpha='200', beta='10.0', bound='3.0', crossoverRate='0.75', elitism='0.1', interAttemptRate='2', interMutationRate='0.2', intraMutationRate='0.5', populationSize='50', probBestIndividual='0.7', probReversal='0.0', probSingle='0.25'
10.3488, 6354.88, 452.1579, 11, 0.2488, alpha='200', beta='10.0', bound='3.0', crossoverRate='0.75', elitism='0.1', interAttemptRate='2', interMutationRate='0.2', intraMutationRate='0.5', populationSize='50', probBestIndividual='0.7', probReversal='0.0', probSingle='0.25'
10.5529, 6363.384615384615, 462.7048, 11, 0.2529, alpha='200', beta='10.0', bound='3.0', crossoverRate='0.75', elitism='0.1', interAttemptRate='2', interMutationRate='0.2', intraMutationRate='0.5', populationSize='50', probBestIndividual='0.7', probReversal='0.0', probSingle='0.25'
10.7569, 6366.666666666667, 471.7134, 11, 0.2569, alpha='200', beta='10.0', bound='3.0', crossoverRate='0.75', elitism='0.1', interAttemptRate='2', interMutationRate='0.2', intraMutationRate='0.5', populationSize='50', probBestIndividual='0.7', probReversal='0.0', probSingle='0.25'
10.9608, 6374.142857142857, 479.5946, 11, 0.2608, alpha='200', beta='10.0', bound='3.0', crossoverRate='0.75', elitism='0.1', interAttemptRate='2', interMutationRate='0.2', intraMutationRate='0.5', populationSize='50', probBestIndividual='0.7', probReversal='0.0', probSingle='0.25'
11.1649, 6376.482758620689, 489.8408, 11, 0.2649, alpha='200', beta='10.0', bound='3.0', crossoverRate='0.75', elitism='0.1', interAttemptRate='2', interMutationRate='0.2', intraMutationRate='0.5', populationSize='50', probBestIndividual='0.7', probReversal='0.0', probSingle='0.25'
11.3670, 6378.033333333334, 497.5564, 11, 0.2670, alpha='200', beta='10.0', bound='3.0', crossoverRate='0.75', elitism='0.1', interAttemptRate='2', interMutationRate='0.2', intraMutationRate='0.5', populationSize='50', probBestIndividual='0.7', probReversal='0.0', probSingle='0.25'
11.5709, 6386.935483870968, 507.1555, 11, 0.2709, alpha='200', beta='10.0', bound='3.0', crossoverRate='0.75', elitism='0.1', interAttemptRate='2', interMutationRate='0.2', intraMutationRate='0.5', populationSize='50', probBestIndividual='0.7', probReversal='0.0', probSingle='0.25'
11.7743, 6381.03125, 515.3185, 11, 0.2743, alpha='200', beta='10.0', bound='3.0', crossoverRate='0.75', elitism='0.1', interAttemptRate='2', interMutationRate='0.2', intraMutationRate='0.5', populationSize='50', probBestIndividual='0.7', probReversal='0.0', probSingle='0.25'
11.9787, 6385.060606060606, 524.9773, 11, 0.2787, alpha='200', beta='10.0', bound='3.0', crossoverRate='0.75', elitism='0.1', interAttemptRate='2', interMutationRate='0.2', intraMutationRate='0.5', populationSize='50', probBestIndividual='0.7', probReversal='0.0', probSingle='0.25'
12.1832, 6376.794117647059, 534.7821, 11, 0.2832, alpha='200', beta='10.0', bound='3.0', crossoverRate='0.75', elitism='0.1', interAttemptRate='2', interMutationRate='0.2', intraMutationRate='0.5', populationSize='50', probBestIndividual='0.7', probReversal='0.0', probSingle='0.25'
12.3881, 6380.742857142857, 543.1072, 11, 0.2881, alpha='200', beta='10.0', bound='3.0', crossoverRate='0.75', elitism='0.1', interAttemptRate='2', interMutationRate='0.2', intraMutationRate='0.5', populationSize='50', probBestIndividual='0.7', probReversal='0.0', probSingle='0.25'
12.5925, 6383.777777777777, 553.7345, 11, 0.2925, alpha='200', beta='10.0', bound='3.0', crossoverRate='0.75', elitism='0.1', interAttemptRate='2', interMutationRate='0.2', intraMutationRate='0.5', populationSize='50', probBestIndividual='0.7', probReversal='0.0', probSingle='0.25'
12.7972, 6385.7027027027025, 561.4369, 11, 0.2972, alpha='200', beta='10.0', bound='3.0', crossoverRate='0.75', elitism='0.1', interAttemptRate='2', interMutationRate='0.2', intraMutationRate='0.5', populationSize='50', probBestIndividual='0.7', probReversal='0.0', probSingle='0.25'
13.0010, 6387.263157894737, 569.6254, 11, 0.3010, alpha='200', beta='10.0', bound='3.0', crossoverRate='0.75', elitism='0.1', interAttemptRate='2', interMutationRate='0.2', intraMutationRate='0.5', populationSize='50', probBestIndividual='0.7', probReversal='0.0', probSingle='0.25'
17.1659, 6396.102564102564, 753.2828, 11, 0.3659, alpha='200', beta='10.0', bound='3.0', crossoverRate='0.75', elitism='0.1', interAttemptRate='2', interMutationRate='0.2', intraMutationRate='0.5', populationSize='50', probBestIndividual='0.7', probReversal='0.0', probSingle='0.25'
17.3708, 6396.05, 762.5893, 11, 0.3708, alpha='200', beta='10.0', bound='3.0', crossoverRate='0.75', elitism='0.1', interAttemptRate='2', interMutationRate='0.2', intraMutationRate='0.5', populationSize='50', probBestIndividual='0.7', probReversal='0.0', probSingle='0.25'
22.4480, 6288.675, 982.2739, 57, 0.4480, alpha='10', beta='10.0', bound='3.0', crossoverRate='0.75', elitism='0.1', interAttemptRate='2', interMutationRate='0.5', intraMutationRate='0.5', populationSize='50', probBestIndividual='0.7', probReversal='0.0', probSingle='0.25'
22.5506, 6285.170731707317, 986.2522, 57, 0.4506, alpha='10', beta='10.0', bound='3.0', crossoverRate='0.75', elitism='0.1', interAttemptRate='2', interMutationRate='0.5', intraMutationRate='0.5', populationSize='50', probBestIndividual='0.7', probReversal='0.0', probSingle='0.25'
22.6532, 6286.809523809524, 991.8734, 57, 0.4532, alpha='10', beta='10.0', bound='3.0', crossoverRate='0.75', elitism='0.1', interAttemptRate='2', interMutationRate='0.5', intraMutationRate='0.5', populationSize='50', probBestIndividual='0.7', probReversal='0.0', probSingle='0.25'
22.7558, 6291.837209302325, 995.4594, 57, 0.4558, alpha='10', beta='10.0', bound='3.0', crossoverRate='0.75', elitism='0.1', interAttemptRate='2', interMutationRate='0.5', intraMutationRate='0.5', populationSize='50', probBestIndividual='0.7', probReversal='0.0', probSingle='0.25'
22.8583, 6291.886363636364, 999.3476, 57, 0.4583, alpha='10', beta='10.0', bound='3.0', crossoverRate='0.75', elitism='0.1', interAttemptRate='2', interMutationRate='0.5', intraMutationRate='0.5', populationSize='50', probBestIndividual='0.7', probReversal='0.0', probSingle='0.25'
22.9610, 6288.622222222222, 1003.2787, 57, 0.4610, alpha='10', beta='10.0', bound='3.0', crossoverRate='0.75', elitism='0.1', interAttemptRate='2', interMutationRate='0.5', intraMutationRate='0.5', populationSize='50', probBestIndividual='0.7', probReversal='0.0', probSingle='0.25'
23.0638, 6290.695652173913, 1007.5041, 57, 0.4638, alpha='10', beta='10.0', bound='3.0', crossoverRate='0.75', elitism='0.1', interAttemptRate='2', interMutationRate='0.5', intraMutationRate='0.5', populationSize='50', probBestIndividual='0.7', probReversal='0.0', probSingle='0.25'
23.1665, 6292.659574468085, 1012.4454, 57, 0.4665, alpha='10', beta='10.0', bound='3.0', crossoverRate='0.75', elitism='0.1', interAttemptRate='2', interMutationRate='0.5', intraMutationRate='0.5', populationSize='50', probBestIndividual='0.7', probReversal='0.0', probSingle='0.25'
23.2693, 6294.0625, 1017.8193, 57, 0.4693, alpha='10', beta='10.0', bound='3.0', crossoverRate='0.75', elitism='0.1', interAttemptRate='2', interMutationRate='0.5', intraMutationRate='0.5', populationSize='50', probBestIndividual='0.7', probReversal='0.0', probSingle='0.25'
29.6746, 6291.183673469388, 1295.2906, 57, 0.5746, alpha='10', beta='10.0', bound='3.0', crossoverRate='0.75', elitism='0.1', interAttemptRate='2', interMutationRate='0.5', intraMutationRate='0.5', populationSize='50', probBestIndividual='0.7', probReversal='0.0', probSingle='0.25'
29.8807, 6295.94, 1304.9980, 57, 0.5807, alpha='10', beta='10.0', bound='3.0', crossoverRate='0.75', elitism='0.1', interAttemptRate='2', interMutationRate='0.5', intraMutationRate='0.5', populationSize='50', probBestIndividual='0.7', probReversal='0.0', probSingle='0.25'
30.0864, 6296.980392156863, 1313.9959, 57, 0.5864, alpha='10', beta='10.0', bound='3.0', crossoverRate='0.75', elitism='0.1', interAttemptRate='2', interMutationRate='0.5', intraMutationRate='0.5', populationSize='50', probBestIndividual='0.7', probReversal='0.0', probSingle='0.25'
30.2902, 6300.173076923077, 1322.2212, 57, 0.5902, alpha='10', beta='10.0', bound='3.0', crossoverRate='0.75', elitism='0.1', interAttemptRate='2', interMutationRate='0.5', intraMutationRate='0.5', populationSize='50', probBestIndividual='0.7', probReversal='0.0', probSingle='0.25'
37.1085, 6298.66037735849, 1625.8527, 57, 0.7085, alpha='10', beta='10.0', bound='3.0', crossoverRate='0.75', elitism='0.1', interAttemptRate='2', interMutationRate='0.5', intraMutationRate='0.5', populationSize='50', probBestIndividual='0.7', probReversal='0.0', probSingle='0.25'
37.3144, 6300.055555555556, 1634.7455, 57, 0.7144, alpha='10', beta='10.0', bound='3.0', crossoverRate='0.75', elitism='0.1', interAttemptRate='2', interMutationRate='0.5', intraMutationRate='0.5', populationSize='50', probBestIndividual='0.7', probReversal='0.0', probSingle='0.25'
37.5212, 6295.527272727273, 1641.5005, 57, 0.7212, alpha='10', beta='10.0', bound='3.0', crossoverRate='0.75', elitism='0.1', interAttemptRate='2', interMutationRate='0.5', intraMutationRate='0.5', populationSize='50', probBestIndividual='0.7', probReversal='0.0', probSingle='0.25'
43.8374, 6294.553571428572, 1920.5090, 57, 0.8374, alpha='10', beta='10.0', bound='3.0', crossoverRate='0.75', elitism='0.1', interAttemptRate='2', interMutationRate='0.5', intraMutationRate='0.5', populationSize='50', probBestIndividual='0.7', probReversal='0.0', probSingle='0.25'
44.0430, 6298.0526315789475, 1929.2280, 57, 0.8430, alpha='10', beta='10.0', bound='3.0', crossoverRate='0.75', elitism='0.1', interAttemptRate='2', interMutationRate='0.5', intraMutationRate='0.5', populationSize='50', probBestIndividual='0.7', probReversal='0.0', probSingle='0.25'
44.2490, 6297.051724137931, 1938.8693, 57, 0.8490, alpha='10', beta='10.0', bound='3.0', crossoverRate='0.75', elitism='0.1', interAttemptRate='2', interMutationRate='0.5', intraMutationRate='0.5', populationSize='50', probBestIndividual='0.7', probReversal='0.0', probSingle='0.25'
44.4549, 6299.033898305085, 1947.7878, 57, 0.8549, alpha='10', beta='10.0', bound='3.0', crossoverRate='0.75', elitism='0.1', interAttemptRate='2', interMutationRate='0.5', intraMutationRate='0.5', populationSize='50', probBestIndividual='0.7', probReversal='0.0', probSingle='0.25'
44.6613, 6295.316666666667, 1956.2405, 57, 0.8613, alpha='10', beta='10.0', bound='3.0', crossoverRate='0.75', elitism='0.1', interAttemptRate='2', interMutationRate='0.5', intraMutationRate='0.5', populationSize='50', probBestIndividual='0.7', probReversal='0.0', probSingle='0.25'
52.4090, 6294.672131147541, 2302.3466, 57, 1.0090, alpha='10', beta='10.0', bound='3.0', crossoverRate='0.75', elitism='0.1', interAttemptRate='2', interMutationRate='0.5', intraMutationRate='0.5', populationSize='50', probBestIndividual='0.7', probReversal='0.0', probSingle='0.25'
52.6167, 6295.112903225807, 2312.6502, 57, 1.0167, alpha='10', beta='10.0', bound='3.0', crossoverRate='0.75', elitism='0.1', interAttemptRate='2', interMutationRate='0.5', intraMutationRate='0.5', populationSize='50', probBestIndividual='0.7', probReversal='0.0', probSingle='0.25'
52.8232, 6296.539682539683, 2320.2487, 57, 1.0232, alpha='10', beta='10.0', bound='3.0', crossoverRate='0.75', elitism='0.1', interAttemptRate='2', interMutationRate='0.5', intraMutationRate='0.5', populationSize='50', probBestIndividual='0.7', probReversal='0.0', probSingle='0.25'
53.0299, 6295.28125, 2329.8861, 57, 1.0299, alpha='10', beta='10.0', bound='3.0', crossoverRate='0.75', elitism='0.1', interAttemptRate='2', interMutationRate='0.5', intraMutationRate='0.5', populationSize='50', probBestIndividual='0.7', probReversal='0.0', probSingle='0.25'
61.6935, 6297.307692307692, 2718.1016, 57, 1.1935, alpha='10', beta='10.0', bound='3.0', crossoverRate='0.75', elitism='0.1', interAttemptRate='2', interMutationRate='0.5', intraMutationRate='0.5', populationSize='50', probBestIndividual='0.7', probReversal='0.0', probSingle='0.25'
61.8990, 6296.924242424242, 2728.6346, 57, 1.1990, alpha='10', beta='10.0', bound='3.0', crossoverRate='0.75', elitism='0.1', interAttemptRate='2', interMutationRate='0.5', intraMutationRate='0.5', populationSize='50', probBestIndividual='0.7', probReversal='0.0', probSingle='0.25'
62.1054, 6295.20895522388, 2737.8823, 57, 1.2054, alpha='10', beta='10.0', bound='3.0', crossoverRate='0.75', elitism='0.1', interAttemptRate='2', interMutationRate='0.5', intraMutationRate='0.5', populationSize='50', probBestIndividual='0.7', probReversal='0.0', probSingle='0.25'
62.3119, 6293.176470588235, 2745.3130, 57, 1.2119, alpha='10', beta='10.0', bound='3.0', crossoverRate='0.75', elitism='0.1', interAttemptRate='2', interMutationRate='0.5', intraMutationRate='0.5', populationSize='50', probBestIndividual='0.7', probReversal='0.0', probSingle='0.25'
62.5195, 6292.405797101449, 2754.4876, 57, 1.2195, alpha='10', beta='10.0', bound='3.0', crossoverRate='0.75', elitism='0.1', interAttemptRate='2', interMutationRate='0.5', intraMutationRate='0.5', populationSize='50', probBestIndividual='0.7', probReversal='0.0', probSingle='0.25'
62.7265, 6292.828571428571, 2763.6058, 57, 1.2265, alpha='10', beta='10.0', bound='3.0', crossoverRate='0.75', elitism='0.1', interAttemptRate='2', interMutationRate='0.5', intraMutationRate='0.5', populationSize='50', probBestIndividual='0.7', probReversal='0.0', probSingle='0.25'
62.9344, 6293.042253521126, 2773.8553, 57, 1.2344, alpha='10', beta='10.0', bound='3.0', crossoverRate='0.75', elitism='0.1', interAttemptRate='2', interMutationRate='0.5', intraMutationRate='0.5', populationSize='50', probBestIndividual='0.7', probReversal='0.0', probSingle='0.25'
63.1414, 6294.194444444444, 2782.0318, 57, 1.2414, alpha='10', beta='10.0', bound='3.0', crossoverRate='0.75', elitism='0.1', interAttemptRate='2', interMutationRate='0.5', intraMutationRate='0.5', populationSize='50', probBestIndividual='0.7', probReversal='0.0', probSingle='0.25'
71.8259, 6296.109589041096, 3167.5608, 57, 1.4259, alpha='10', beta='10.0', bound='3.0', crossoverRate='0.75', elitism='0.1', interAttemptRate='2', interMutationRate='0.5', intraMutationRate='0.5', populationSize='50', probBestIndividual='0.7', probReversal='0.0', probSingle='0.25'
72.0332, 6300.418918918919, 3176.0579, 57, 1.4332, alpha='10', beta='10.0', bound='3.0', crossoverRate='0.75', elitism='0.1', interAttemptRate='2', interMutationRate='0.5', intraMutationRate='0.5', populationSize='50', probBestIndividual='0.7', probReversal='0.0', probSingle='0.25'
72.2410, 6299.626666666667, 3185.2166, 57, 1.4410, alpha='10', beta='10.0', bound='3.0', crossoverRate='0.75', elitism='0.1', interAttemptRate='2', interMutationRate='0.5', intraMutationRate='0.5', populationSize='50', probBestIndividual='0.7', probReversal='0.0', probSingle='0.25'
72.4485, 6297.973684210527, 3195.2159, 57, 1.4485, alpha='10', beta='10.0', bound='3.0', crossoverRate='0.75', elitism='0.1', interAttemptRate='2', interMutationRate='0.5', intraMutationRate='0.5', populationSize='50', probBestIndividual='0.7', probReversal='0.0', probSingle='0.25'
72.6556, 6299.363636363636, 3205.3338, 57, 1.4556, alpha='10', beta='10.0', bound='3.0', crossoverRate='0.75', elitism='0.1', interAttemptRate='2', interMutationRate='0.5', intraMutationRate='0.5', populationSize='50', probBestIndividual='0.7', probReversal='0.0', probSingle='0.25'
72.8630, 6296.410256410257, 3215.9378, 57, 1.4630, alpha='10', beta='10.0', bound='3.0', crossoverRate='0.75', elitism='0.1', interAttemptRate='2', interMutationRate='0.5', intraMutationRate='0.5', populationSize='50', probBestIndividual='0.7', probReversal='0.0', probSingle='0.25'
73.0706, 6295.037974683544, 3224.3444, 57, 1.4706, alpha='10', beta='10.0', bound='3.0', crossoverRate='0.75', elitism='0.1', interAttemptRate='2', interMutationRate='0.5', intraMutationRate='0.5', populationSize='50', probBestIndividual='0.7', probReversal='0.0', probSingle='0.25'
73.2782, 6295.4375, 3234.0522, 57, 1.4782, alpha='10', beta='10.0', bound='3.0', crossoverRate='0.75', elitism='0.1', interAttemptRate='2', interMutationRate='0.5', intraMutationRate='0.5', populationSize='50', probBestIndividual='0.7', probReversal='0.0', probSingle='0.25'
73.4841, 6296.530864197531, 3242.3434, 57, 1.4841, alpha='10', beta='10.0', bound='3.0', crossoverRate='0.75', elitism='0.1', interAttemptRate='2', interMutationRate='0.5', intraMutationRate='0.5', populationSize='50', probBestIndividual='0.7', probReversal='0.0', probSingle='0.25'
73.6918, 6294.926829268293, 3251.9574, 57, 1.4918, alpha='10', beta='10.0', bound='3.0', crossoverRate='0.75', elitism='0.1', interAttemptRate='2', interMutationRate='0.5', intraMutationRate='0.5', populationSize='50', probBestIndividual='0.7', probReversal='0.0', probSingle='0.25'
73.8998, 6292.289156626506, 3260.2449, 57, 1.4998, alpha='10', beta='10.0', bound='3.0', crossoverRate='0.75', elitism='0.1', interAttemptRate='2', interMutationRate='0.5', intraMutationRate='0.5', populationSize='50', probBestIndividual='0.7', probReversal='0.0', probSingle='0.25'
84.6343, 6292.273809523809, 3733.5442, 57, 1.7343, alpha='10', beta='10.0', bound='3.0', crossoverRate='0.75', elitism='0.1', interAttemptRate='2', interMutationRate='0.5', intraMutationRate='0.5', populationSize='50', probBestIndividual='0.7', probReversal='0.0', probSingle='0.25'
84.8417, 6289.694117647059, 3743.8864, 57, 1.7417, alpha='10', beta='10.0', bound='3.0', crossoverRate='0.75', elitism='0.1', interAttemptRate='2', interMutationRate='0.5', intraMutationRate='0.5', populationSize='50', probBestIndividual='0.7', probReversal='0.0', probSingle='0.25'
85.0504, 6291.069767441861, 3751.3975, 57, 1.7504, alpha='10', beta='10.0', bound='3.0', crossoverRate='0.75', elitism='0.1', interAttemptRate='2', interMutationRate='0.5', intraMutationRate='0.5', populationSize='50', probBestIndividual='0.7', probReversal='0.0', probSingle='0.25'
85.2585, 6291.229885057472, 3761.9376, 57, 1.7585, alpha='10', beta='10.0', bound='3.0', crossoverRate='0.75', elitism='0.1', interAttemptRate='2', interMutationRate='0.5', intraMutationRate='0.5', populationSize='50', probBestIndividual='0.7', probReversal='0.0', probSingle='0.25'
85.4663, 6292.227272727273, 3770.1816, 57, 1.7663, alpha='10', beta='10.0', bound='3.0', crossoverRate='0.75', elitism='0.1', interAttemptRate='2', interMutationRate='0.5', intraMutationRate='0.5', populationSize='50', probBestIndividual='0.7', probReversal='0.0', probSingle='0.25'
85.6751, 6294.921348314607, 3779.3929, 57, 1.7751, alpha='10', beta='10.0', bound='3.0', crossoverRate='0.75', elitism='0.1', interAttemptRate='2', interMutationRate='0.5', intraMutationRate='0.5', populationSize='50', probBestIndividual='0.7', probReversal='0.0', probSingle='0.25'
85.8831, 6296.822222222222, 3788.0430, 57, 1.7831, alpha='10', beta='10.0', bound='3.0', crossoverRate='0.75', elitism='0.1', interAttemptRate='2', interMutationRate='0.5', intraMutationRate='0.5', populationSize='50', probBestIndividual='0.7', probReversal='0.0', probSingle='0.25'
86.0896, 6295.593406593406, 3797.7780, 57, 1.7896, alpha='10', beta='10.0', bound='3.0', crossoverRate='0.75', elitism='0.1', interAttemptRate='2', interMutationRate='0.5', intraMutationRate='0.5', populationSize='50', probBestIndividual='0.7', probReversal='0.0', probSingle='0.25'
86.2985, 6297.04347826087, 3806.8592, 57, 1.7985, alpha='10', beta='10.0', bound='3.0', crossoverRate='0.75', elitism='0.1', interAttemptRate='2', interMutationRate='0.5', intraMutationRate='0.5', populationSize='50', probBestIndividual='0.7', probReversal='0.0', probSingle='0.25'
86.5070, 6296.817204301075, 3815.9639, 57, 1.8070, alpha='10', beta='10.0', bound='3.0', crossoverRate='0.75', elitism='0.1', interAttemptRate='2', interMutationRate='0.5', intraMutationRate='0.5', populationSize='50', probBestIndividual='0.7', probReversal='0.0', probSingle='0.25'
86.7137, 6297.882978723404, 3824.4243, 57, 1.8137, alpha='10', beta='10.0', bound='3.0', crossoverRate='0.75', elitism='0.1', interAttemptRate='2', interMutationRate='0.5', intraMutationRate='0.5', populationSize='50', probBestIndividual='0.7', probReversal='0.0', probSingle='0.25'
86.9223, 6297.663157894737, 3834.8605, 57, 1.8223, alpha='10', beta='10.0', bound='3.0', crossoverRate='0.75', elitism='0.1', interAttemptRate='2', interMutationRate='0.5', intraMutationRate='0.5', populationSize='50', probBestIndividual='0.7', probReversal='0.0', probSingle='0.25'
87.1285, 6296.208333333333, 3843.9295, 57, 1.8285, alpha='10', beta='10.0', bound='3.0', crossoverRate='0.75', elitism='0.1', interAttemptRate='2', interMutationRate='0.5', intraMutationRate='0.5', populationSize='50', probBestIndividual='0.7', probReversal='0.0', probSingle='0.25'
87.3365, 6295.948453608247, 3852.8786, 57, 1.8365, alpha='10', beta='10.0', bound='3.0', crossoverRate='0.75', elitism='0.1', interAttemptRate='2', interMutationRate='0.5', intraMutationRate='0.5', populationSize='50', probBestIndividual='0.7', probReversal='0.0', probSingle='0.25'
87.5440, 6296.306122448979, 3861.0565, 57, 1.8440, alpha='10', beta='10.0', bound='3.0', crossoverRate='0.75', elitism='0.1', interAttemptRate='2', interMutationRate='0.5', intraMutationRate='0.5', populationSize='50', probBestIndividual='0.7', probReversal='0.0', probSingle='0.25'
87.7529, 6295.575757575758, 3870.3471, 57, 1.8529, alpha='10', beta='10.0', bound='3.0', crossoverRate='0.75', elitism='0.1', interAttemptRate='2', interMutationRate='0.5', intraMutationRate='0.5', populationSize='50', probBestIndividual='0.7', probReversal='0.0', probSingle='0.25'
98.4263, 6295.5, 4350.8482, 57, 2.1263, alpha='10', beta='10.0', bound='3.0', crossoverRate='0.75', elitism='0.1', interAttemptRate='2', interMutationRate='0.5', intraMutationRate='0.5', populationSize='50', probBestIndividual='0.7', probReversal='0.0', probSingle='0.25'
98.6354, 6294.346534653465, 4359.4084, 57, 2.1354, alpha='10', beta='10.0', bound='3.0', crossoverRate='0.75', elitism='0.1', interAttemptRate='2', interMutationRate='0.5', intraMutationRate='0.5', populationSize='50', probBestIndividual='0.7', probReversal='0.0', probSingle='0.25'
98.8430, 6292.882352941177, 4369.6653, 57, 2.1430, alpha='10', beta='10.0', bound='3.0', crossoverRate='0.75', elitism='0.1', interAttemptRate='2', interMutationRate='0.5', intraMutationRate='0.5', populationSize='50', probBestIndividual='0.7', probReversal='0.0', probSingle='0.25'
110.5447, 6294.349514563107, 4891.2453, 57, 2.4447, alpha='10', beta='10.0', bound='3.0', crossoverRate='0.75', elitism='0.1', interAttemptRate='2', interMutationRate='0.5', intraMutationRate='0.5', populationSize='50', probBestIndividual='0.7', probReversal='0.0', probSingle='0.25'
110.7541, 6292.7307692307695, 4900.5792, 57, 2.4541, alpha='10', beta='10.0', bound='3.0', crossoverRate='0.75', elitism='0.1', interAttemptRate='2', interMutationRate='0.5', intraMutationRate='0.5', populationSize='50', probBestIndividual='0.7', probReversal='0.0', probSingle='0.25'
110.9641, 6292.219047619048, 4909.2961, 57, 2.4641, alpha='10', beta='10.0', bound='3.0', crossoverRate='0.75', elitism='0.1', interAttemptRate='2', interMutationRate='0.5', intraMutationRate='0.5', populationSize='50', probBestIndividual='0.7', probReversal='0.0', probSingle='0.25'
111.1729, 6293.537735849057, 4918.5245, 57, 2.4729, alpha='10', beta='10.0', bound='3.0', crossoverRate='0.75', elitism='0.1', interAttemptRate='2', interMutationRate='0.5', intraMutationRate='0.5', populationSize='50', probBestIndividual='0.7', probReversal='0.0', probSingle='0.25'
111.3822, 6293.0373831775705, 4929.7034, 57, 2.4822, alpha='10', beta='10.0', bound='3.0', crossoverRate='0.75', elitism='0.1', interAttemptRate='2', interMutationRate='0.5', intraMutationRate='0.5', populationSize='50', probBestIndividual='0.7', probReversal='0.0', probSingle='0.25'
111.5897, 6294.398148148148, 4938.1170, 57, 2.4897, alpha='10', beta='10.0', bound='3.0', crossoverRate='0.75', elitism='0.1', interAttemptRate='2', interMutationRate='0.5', intraMutationRate='0.5', populationSize='50', probBestIndividual='0.7', probReversal='0.0', probSingle='0.25'
111.7989, 6293.678899082569, 4947.9645, 57, 2.4989, alpha='10', beta='10.0', bound='3.0', crossoverRate='0.75', elitism='0.1', interAttemptRate='2', interMutationRate='0.5', intraMutationRate='0.5', populationSize='50', probBestIndividual='0.7', probReversal='0.0', probSingle='0.25'
112.0060, 6294.781818181818, 4955.5178, 57, 2.5060, alpha='10', beta='10.0', bound='3.0', crossoverRate='0.75', elitism='0.1', interAttemptRate='2', interMutationRate='0.5', intraMutationRate='0.5', populationSize='50', probBestIndividual='0.7', probReversal='0.0', probSingle='0.25'
112.2146, 6293.711711711711, 4964.2700, 57, 2.5146, alpha='10', beta='10.0', bound='3.0', crossoverRate='0.75', elitism='0.1', interAttemptRate='2', interMutationRate='0.5', intraMutationRate='0.5', populationSize='50', probBestIndividual='0.7', probReversal='0.0', probSingle='0.25'
112.4240, 6293.285714285715, 4973.4378, 57, 2.5240, alpha='10', beta='10.0', bound='3.0', crossoverRate='0.75', elitism='0.1', interAttemptRate='2', interMutationRate='0.5', intraMutationRate='0.5', populationSize='50', probBestIndividual='0.7', probReversal='0.0', probSingle='0.25'
112.6341, 6294.017699115044, 4983.2538, 57, 2.5341, alpha='10', beta='10.0', bound='3.0', crossoverRate='0.75', elitism='0.1', interAttemptRate='2', interMutationRate='0.5', intraMutationRate='0.5', populationSize='50', probBestIndividual='0.7', probReversal='0.0', probSingle='0.25'
124.8689, 6174.814159292036, 5530.4810, 128, 2.8689, alpha='50', beta='10.0', bound='3.0', crossoverRate='0.75', elitism='0.1', interAttemptRate='2', interMutationRate='0.5', intraMutationRate='0.5', populationSize='50', probBestIndividual='0.7', probReversal='0.75', probSingle='0.25'
124.9734, 6173.868421052632, 5535.6597, 128, 2.8734, alpha='50', beta='10.0', bound='3.0', crossoverRate='0.75', elitism='0.1', interAttemptRate='2', interMutationRate='0.5', intraMutationRate='0.5', populationSize='50', probBestIndividual='0.7', probReversal='0.75', probSingle='0.25'
125.0782, 6173.826086956522, 5539.2554, 128, 2.8782, alpha='50', beta='10.0', bound='3.0', crossoverRate='0.75', elitism='0.1', interAttemptRate='2', interMutationRate='0.5', intraMutationRate='0.5', populationSize='50', probBestIndividual='0.7', probReversal='0.75', probSingle='0.25'
125.1826, 6173.318965517241, 5543.0682, 128, 2.8826, alpha='50', beta='10.0', bound='3.0', crossoverRate='0.75', elitism='0.1', interAttemptRate='2', interMutationRate='0.5', intraMutationRate='0.5', populationSize='50', probBestIndividual='0.7', probReversal='0.75', probSingle='0.25'
125.2881, 6172.91452991453, 5547.4741, 128, 2.8881, alpha='50', beta='10.0', bound='3.0', crossoverRate='0.75', elitism='0.1', interAttemptRate='2', interMutationRate='0.5', intraMutationRate='0.5', populationSize='50', probBestIndividual='0.7', probReversal='0.75', probSingle='0.25'
125.3904, 6173.627118644068, 5551.4755, 128, 2.8904, alpha='50', beta='10.0', bound='3.0', crossoverRate='0.75', elitism='0.1', interAttemptRate='2', interMutationRate='0.5', intraMutationRate='0.5', populationSize='50', probBestIndividual='0.7', probReversal='0.75', probSingle='0.25'
125.4950, 6173.16806722689, 5556.7629, 128, 2.8950, alpha='50', beta='10.0', bound='3.0', crossoverRate='0.75', elitism='0.1', interAttemptRate='2', interMutationRate='0.5', intraMutationRate='0.5', populationSize='50', probBestIndividual='0.7', probReversal='0.75', probSingle='0.25'
137.8539, 6173.591666666666, 6038.7978, 128, 3.2539, alpha='50', beta='10.0', bound='3.0', crossoverRate='0.75', elitism='0.1', interAttemptRate='2', interMutationRate='0.5', intraMutationRate='0.5', populationSize='50', probBestIndividual='0.7', probReversal='0.75', probSingle='0.25'
150.9262, 6174.727272727273, 6569.8839, 128, 3.6262, alpha='50', beta='10.0', bound='3.0', crossoverRate='0.75', elitism='0.1', interAttemptRate='2', interMutationRate='0.5', intraMutationRate='0.5', populationSize='50', probBestIndividual='0.7', probReversal='0.75', probSingle='0.25'
151.1366, 6174.0901639344265, 6578.1783, 128, 3.6366, alpha='50', beta='10.0', bound='3.0', crossoverRate='0.75', elitism='0.1', interAttemptRate='2', interMutationRate='0.5', intraMutationRate='0.5', populationSize='50', probBestIndividual='0.7', probReversal='0.75', probSingle='0.25'
151.3462, 6174.170731707317, 6585.4350, 128, 3.6462, alpha='50', beta='10.0', bound='3.0', crossoverRate='0.75', elitism='0.1', interAttemptRate='2', interMutationRate='0.5', intraMutationRate='0.5', populationSize='50', probBestIndividual='0.7', probReversal='0.75', probSingle='0.25'
151.5567, 6174.508064516129, 6594.4642, 128, 3.6567, alpha='50', beta='10.0', bound='3.0', crossoverRate='0.75', elitism='0.1', interAttemptRate='2', interMutationRate='0.5', intraMutationRate='0.5', populationSize='50', probBestIndividual='0.7', probReversal='0.75', probSingle='0.25'
151.7666, 6175.432, 6602.0717, 128, 3.6666, alpha='50', beta='10.0', bound='3.0', crossoverRate='0.75', elitism='0.1', interAttemptRate='2', interMutationRate='0.5', intraMutationRate='0.5', populationSize='50', probBestIndividual='0.7', probReversal='0.75', probSingle='0.25'
151.9774, 6175.777777777777, 6611.9256, 128, 3.6774, alpha='50', beta='10.0', bound='3.0', crossoverRate='0.75', elitism='0.1', interAttemptRate='2', interMutationRate='0.5', intraMutationRate='0.5', populationSize='50', probBestIndividual='0.7', probReversal='0.75', probSingle='0.25'
165.6526, 6174.771653543307, 7207.1748, 128, 4.0526, alpha='50', beta='10.0', bound='3.0', crossoverRate='0.75', elitism='0.1', interAttemptRate='2', interMutationRate='0.5', intraMutationRate='0.5', populationSize='50', probBestIndividual='0.7', probReversal='0.75', probSingle='0.25'
165.8636, 6175.3671875, 7216.2042, 128, 4.0636, alpha='50', beta='10.0', bound='3.0', crossoverRate='0.75', elitism='0.1', interAttemptRate='2', interMutationRate='0.5', intraMutationRate='0.5', populationSize='50', probBestIndividual='0.7', probReversal='0.75', probSingle='0.25'
166.0739, 6175.410852713178, 7226.7213, 128, 4.0739, alpha='50', beta='10.0', bound='3.0', crossoverRate='0.75', elitism='0.1', interAttemptRate='2', interMutationRate='0.5', intraMutationRate='0.5', populationSize='50', probBestIndividual='0.7', probReversal='0.75', probSingle='0.25'
166.2837, 6176.338461538461, 7234.3563, 128, 4.0837, alpha='50', beta='10.0', bound='3.0', crossoverRate='0.75', elitism='0.1', interAttemptRate='2', interMutationRate='0.5', intraMutationRate='0.5', populationSize='50', probBestIndividual='0.7', probReversal='0.75', probSingle='0.25'
166.4949, 6177.3511450381675, 7244.3479, 128, 4.0949, alpha='50', beta='10.0', bound='3.0', crossoverRate='0.75', elitism='0.1', interAttemptRate='2', interMutationRate='0.5', intraMutationRate='0.5', populationSize='50', probBestIndividual='0.7', probReversal='0.75', probSingle='0.25'
166.7059, 6177.295454545455, 7253.3023, 128, 4.1059, alpha='50', beta='10.0', bound='3.0', crossoverRate='0.75', elitism='0.1', interAttemptRate='2', interMutationRate='0.5', intraMutationRate='0.5', populationSize='50', probBestIndividual='0.7', probReversal='0.75', probSingle='0.25'
181.9845, 6176.586466165413, 7943.3463, 128, 4.5845, alpha='50', beta='10.0', bound='3.0', crossoverRate='0.75', elitism='0.1', interAttemptRate='2', interMutationRate='0.5', intraMutationRate='0.5', populationSize='50', probBestIndividual='0.7', probReversal='0.75', probSingle='0.25'
182.1947, 6177.149253731343, 7952.3797, 128, 4.5947, alpha='50', beta='10.0', bound='3.0', crossoverRate='0.75', elitism='0.1', interAttemptRate='2', interMutationRate='0.5', intraMutationRate='0.5', populationSize='50', probBestIndividual='0.7', probReversal='0.75', probSingle='0.25'
182.4030, 6177.65925925926, 7962.9150, 128, 4.6030, alpha='50', beta='10.0', bound='3.0', crossoverRate='0.75', elitism='0.1', interAttemptRate='2', interMutationRate='0.5', intraMutationRate='0.5', populationSize='50', probBestIndividual='0.7', probReversal='0.75', probSingle='0.25'
182.6140, 6177.632352941177, 7972.9678, 128, 4.6140, alpha='50', beta='10.0', bound='3.0', crossoverRate='0.75', elitism='0.1', interAttemptRate='2', interMutationRate='0.5', intraMutationRate='0.5', populationSize='50', probBestIndividual='0.7', probReversal='0.75', probSingle='0.25'
182.8247, 6178.043795620438, 7981.1488, 128, 4.6247, alpha='50', beta='10.0', bound='3.0', crossoverRate='0.75', elitism='0.1', interAttemptRate='2', interMutationRate='0.5', intraMutationRate='0.5', populationSize='50', probBestIndividual='0.7', probReversal='0.75', probSingle='0.25'
183.0356, 6177.695652173913, 7991.0686, 128, 4.6356, alpha='50', beta='10.0', bound='3.0', crossoverRate='0.75', elitism='0.1', interAttemptRate='2', interMutationRate='0.5', intraMutationRate='0.5', populationSize='50', probBestIndividual='0.7', probReversal='0.75', probSingle='0.25'
183.2472, 6177.330935251798, 8001.9975, 128, 4.6472, alpha='50', beta='10.0', bound='3.0', crossoverRate='0.75', elitism='0.1', interAttemptRate='2', interMutationRate='0.5', intraMutationRate='0.5', populationSize='50', probBestIndividual='0.7', probReversal='0.75', probSingle='0.25'
183.4583, 6178.342857142857, 8010.5601, 128, 4.6583, alpha='50', beta='10.0', bound='3.0', crossoverRate='0.75', elitism='0.1', interAttemptRate='2', interMutationRate='0.5', intraMutationRate='0.5', populationSize='50', probBestIndividual='0.7', probReversal='0.75', probSingle='0.25'
183.6688, 6178.86524822695, 8019.6215, 128, 4.6688, alpha='50', beta='10.0', bound='3.0', crossoverRate='0.75', elitism='0.1', interAttemptRate='2', interMutationRate='0.5', intraMutationRate='0.5', populationSize='50', probBestIndividual='0.7', probReversal='0.75', probSingle='0.25'
183.8805, 6178.845070422535, 8029.4899, 128, 4.6805, alpha='50', beta='10.0', bound='3.0', crossoverRate='0.75', elitism='0.1', interAttemptRate='2', interMutationRate='0.5', intraMutationRate='0.5', populationSize='50', probBestIndividual='0.7', probReversal='0.75', probSingle='0.25'
184.0917, 6178.482517482517, 8040.6903, 128, 4.6917, alpha='50', beta='10.0', bound='3.0', crossoverRate='0.75', elitism='0.1', interAttemptRate='2', interMutationRate='0.5', intraMutationRate='0.5', populationSize='50', probBestIndividual='0.7', probReversal='0.75', probSingle='0.25'
184.3040, 6177.965277777777, 8048.8900, 128, 4.7040, alpha='50', beta='10.0', bound='3.0', crossoverRate='0.75', elitism='0.1', interAttemptRate='2', interMutationRate='0.5', intraMutationRate='0.5', populationSize='50', probBestIndividual='0.7', probReversal='0.75', probSingle='0.25'
184.5133, 6179.4, 8057.0500, 128, 4.7133, alpha='50', beta='10.0', bound='3.0', crossoverRate='0.75', elitism='0.1', interAttemptRate='2', interMutationRate='0.5', intraMutationRate='0.5', populationSize='50', probBestIndividual='0.7', probReversal='0.75', probSingle='0.25'
200.0502, 6179.678082191781, 9031.1030, 128, 5.2502, alpha='50', beta='10.0', bound='3.0', crossoverRate='0.75', elitism='0.1', interAttemptRate='2', interMutationRate='0.5', intraMutationRate='0.5', populationSize='50', probBestIndividual='0.7', probReversal='0.75', probSingle='0.25'
200.2618, 6180.0, 9040.5375, 128, 5.2618, alpha='50', beta='10.0', bound='3.0', crossoverRate='0.75', elitism='0.1', interAttemptRate='2', interMutationRate='0.5', intraMutationRate='0.5', populationSize='50', probBestIndividual='0.7', probReversal='0.75', probSingle='0.25'
200.4729, 6179.5675675675675, 9049.1230, 128, 5.2729, alpha='50', beta='10.0', bound='3.0', crossoverRate='0.75', elitism='0.1', interAttemptRate='2', interMutationRate='0.5', intraMutationRate='0.5', populationSize='50', probBestIndividual='0.7', probReversal='0.75', probSingle='0.25'
200.6849, 6179.154362416108, 9058.8484, 128, 5.2849, alpha='50', beta='10.0', bound='3.0', crossoverRate='0.75', elitism='0.1', interAttemptRate='2', interMutationRate='0.5', intraMutationRate='0.5', populationSize='50', probBestIndividual='0.7', probReversal='0.75', probSingle='0.25'
216.3933, 6179.4, 9755.7141, 128, 5.7933, alpha='50', beta='10.0', bound='3.0', crossoverRate='0.75', elitism='0.1', interAttemptRate='2', interMutationRate='0.5', intraMutationRate='0.5', populationSize='50', probBestIndividual='0.7', probReversal='0.75', probSingle='0.25'
216.6055, 6179.940397350993, 9764.7079, 128, 5.8055, alpha='50', beta='10.0', bound='3.0', crossoverRate='0.75', elitism='0.1', interAttemptRate='2', interMutationRate='0.5', intraMutationRate='0.5', populationSize='50', probBestIndividual='0.7', probReversal='0.75', probSingle='0.25'
233.7652, 6179.776315789473, 10739.3746, 128, 6.2652, alpha='50', beta='10.0', bound='3.0', crossoverRate='0.75', elitism='0.1', interAttemptRate='2', interMutationRate='0.5', intraMutationRate='0.5', populationSize='50', probBestIndividual='0.7', probReversal='0.75', probSingle='0.25'
233.9741, 6180.915032679739, 10748.6453, 128, 6.2741, alpha='50', beta='10.0', bound='3.0', crossoverRate='0.75', elitism='0.1', interAttemptRate='2', interMutationRate='0.5', intraMutationRate='0.5', populationSize='50', probBestIndividual='0.7', probReversal='0.75', probSingle='0.25'
234.1857, 6181.194805194805, 10756.6879, 128, 6.2857, alpha='50', beta='10.0', bound='3.0', crossoverRate='0.75', elitism='0.1', interAttemptRate='2', interMutationRate='0.5', intraMutationRate='0.5', populationSize='50', probBestIndividual='0.7', probReversal='0.75', probSingle='0.25'
234.3975, 6182.187096774193, 10765.0668, 128, 6.2975, alpha='50', beta='10.0', bound='3.0', crossoverRate='0.75', elitism='0.1', interAttemptRate='2', interMutationRate='0.5', intraMutationRate='0.5', populationSize='50', probBestIndividual='0.7', probReversal='0.75', probSingle='0.25'
234.6070, 6183.455128205128, 10773.0818, 128, 6.3070, alpha='50', beta='10.0', bound='3.0', crossoverRate='0.75', elitism='0.1', interAttemptRate='2', interMutationRate='0.5', intraMutationRate='0.5', populationSize='50', probBestIndividual='0.7', probReversal='0.75', probSingle='0.25'
234.8188, 6182.636942675159, 10783.7760, 128, 6.3188, alpha='50', beta='10.0', bound='3.0', crossoverRate='0.75', elitism='0.1', interAttemptRate='2', interMutationRate='0.5', intraMutationRate='0.5', populationSize='50', probBestIndividual='0.7', probReversal='0.75', probSingle='0.25'
235.0305, 6183.449367088608, 10791.8006, 128, 6.3305, alpha='50', beta='10.0', bound='3.0', crossoverRate='0.75', elitism='0.1', interAttemptRate='2', interMutationRate='0.5', intraMutationRate='0.5', populationSize='50', probBestIndividual='0.7', probReversal='0.75', probSingle='0.25'
235.2425, 6183.528301886792, 10800.7450, 128, 6.3425, alpha='50', beta='10.0', bound='3.0', crossoverRate='0.75', elitism='0.1', interAttemptRate='2', interMutationRate='0.5', intraMutationRate='0.5', populationSize='50', probBestIndividual='0.7', probReversal='0.75', probSingle='0.25'
235.4538, 6183.15625, 10809.5774, 128, 6.3538, alpha='50', beta='10.0', bound='3.0', crossoverRate='0.75', elitism='0.1', interAttemptRate='2', interMutationRate='0.5', intraMutationRate='0.5', populationSize='50', probBestIndividual='0.7', probReversal='0.75', probSingle='0.25'
235.6611, 6182.683229813664, 10820.0940, 128, 6.3611, alpha='50', beta='10.0', bound='3.0', crossoverRate='0.75', elitism='0.1', interAttemptRate='2', interMutationRate='0.5', intraMutationRate='0.5', populationSize='50', probBestIndividual='0.7', probReversal='0.75', probSingle='0.25'
235.8674, 6183.074074074074, 10829.8667, 128, 6.3674, alpha='50', beta='10.0', bound='3.0', crossoverRate='0.75', elitism='0.1', interAttemptRate='2', interMutationRate='0.5', intraMutationRate='0.5', populationSize='50', probBestIndividual='0.7', probReversal='0.75', probSingle='0.25'
236.0736, 6184.073619631902, 10838.3119, 128, 6.3736, alpha='50', beta='10.0', bound='3.0', crossoverRate='0.75', elitism='0.1', interAttemptRate='2', interMutationRate='0.5', intraMutationRate='0.5', populationSize='50', probBestIndividual='0.7', probReversal='0.75', probSingle='0.25'
236.2798, 6183.6890243902435, 10846.5101, 128, 6.3798, alpha='50', beta='10.0', bound='3.0', crossoverRate='0.75', elitism='0.1', interAttemptRate='2', interMutationRate='0.5', intraMutationRate='0.5', populationSize='50', probBestIndividual='0.7', probReversal='0.75', probSingle='0.25'
254.0456, 6183.581818181819, 14321.6624, 128, 7.2456, alpha='50', beta='10.0', bound='3.0', crossoverRate='0.75', elitism='0.1', interAttemptRate='2', interMutationRate='0.5', intraMutationRate='0.5', populationSize='50', probBestIndividual='0.7', probReversal='0.75', probSingle='0.25'
254.2589, 6184.036144578313, 14345.6596, 128, 7.2589, alpha='50', beta='10.0', bound='3.0', crossoverRate='0.75', elitism='0.1', interAttemptRate='2', interMutationRate='0.5', intraMutationRate='0.5', populationSize='50', probBestIndividual='0.7', probReversal='0.75', probSingle='0.25'
254.4746, 6184.934131736527, 14357.5714, 128, 7.2746, alpha='50', beta='10.0', bound='3.0', crossoverRate='0.75', elitism='0.1', interAttemptRate='2', interMutationRate='0.5', intraMutationRate='0.5', populationSize='50', probBestIndividual='0.7', probReversal='0.75', probSingle='0.25'
254.6872, 6183.916666666667, 14366.0623, 128, 7.2872, alpha='50', beta='10.0', bound='3.0', crossoverRate='0.75', elitism='0.1', interAttemptRate='2', interMutationRate='0.5', intraMutationRate='0.5', populationSize='50', probBestIndividual='0.7', probReversal='0.75', probSingle='0.25'
272.9855, 6183.7278106508875, 15214.3836, 128, 7.9855, alpha='50', beta='10.0', bound='3.0', crossoverRate='0.75', elitism='0.1', interAttemptRate='2', interMutationRate='0.5', intraMutationRate='0.5', populationSize='50', probBestIndividual='0.7', probReversal='0.75', probSingle='0.25'
273.1974, 6183.888235294117, 15223.1992, 128, 7.9974, alpha='50', beta='10.0', bound='3.0', crossoverRate='0.75', elitism='0.1', interAttemptRate='2', interMutationRate='0.5', intraMutationRate='0.5', populationSize='50', probBestIndividual='0.7', probReversal='0.75', probSingle='0.25'
273.4105, 6184.274853801169, 15231.1970, 128, 8.0105, alpha='50', beta='10.0', bound='3.0', crossoverRate='0.75', elitism='0.1', interAttemptRate='2', interMutationRate='0.5', intraMutationRate='0.5', populationSize='50', probBestIndividual='0.7', probReversal='0.75', probSingle='0.25'
273.6233, 6184.593023255814, 15240.0307, 128, 8.0233, alpha='50', beta='10.0', bound='3.0', crossoverRate='0.75', elitism='0.1', interAttemptRate='2', interMutationRate='0.5', intraMutationRate='0.5', populationSize='50', probBestIndividual='0.7', probReversal='0.75', probSingle='0.25'
273.8335, 6185.508670520231, 15249.8733, 128, 8.0335, alpha='50', beta='10.0', bound='3.0', crossoverRate='0.75', elitism='0.1', interAttemptRate='2', interMutationRate='0.5', intraMutationRate='0.5', populationSize='50', probBestIndividual='0.7', probReversal='0.75', probSingle='0.25'
292.1930, 6185.057471264367, 16029.1287, 128, 8.6930, alpha='50', beta='10.0', bound='3.0', crossoverRate='0.75', elitism='0.1', interAttemptRate='2', interMutationRate='0.5', intraMutationRate='0.5', populationSize='50', probBestIndividual='0.7', probReversal='0.75', probSingle='0.25'
292.4053, 6183.674285714285, 16038.9197, 128, 8.7053, alpha='50', beta='10.0', bound='3.0', crossoverRate='0.75', elitism='0.1', interAttemptRate='2', interMutationRate='0.5', intraMutationRate='0.5', populationSize='50', probBestIndividual='0.7', probReversal='0.75', probSingle='0.25'
292.6146, 6182.607954545455, 16046.6259, 128, 8.7146, alpha='50', beta='10.0', bound='3.0', crossoverRate='0.75', elitism='0.1', interAttemptRate='2', interMutationRate='0.5', intraMutationRate='0.5', populationSize='50', probBestIndividual='0.7', probReversal='0.75', probSingle='0.25'
311.1795, 6182.389830508475, 16840.3733, 128, 9.3795, alpha='50', beta='10.0', bound='3.0', crossoverRate='0.75', elitism='0.1', interAttemptRate='2', interMutationRate='0.5', intraMutationRate='0.5', populationSize='50', probBestIndividual='0.7', probReversal='0.75', probSingle='0.25'
311.3921, 6181.887640449439, 16849.1354, 128, 9.3921, alpha='50', beta='10.0', bound='3.0', crossoverRate='0.75', elitism='0.1', interAttemptRate='2', interMutationRate='0.5', intraMutationRate='0.5', populationSize='50', probBestIndividual='0.7', probReversal='0.75', probSingle='0.25'
330.0788, 6181.335195530726, 17637.6947, 128, 10.0788, alpha='50', beta='10.0', bound='3.0', crossoverRate='0.75', elitism='0.1', interAttemptRate='2', interMutationRate='0.5', intraMutationRate='0.5', populationSize='50', probBestIndividual='0.7', probReversal='0.75', probSingle='0.25'
349.7968, 6180.127777777778, 18462.4021, 128, 10.7968, alpha='50', beta='10.0', bound='3.0', crossoverRate='0.75', elitism='0.1', interAttemptRate='2', interMutationRate='0.5', intraMutationRate='0.5', populationSize='50', probBestIndividual='0.7', probReversal='0.75', probSingle='0.25'
350.0035, 6180.806629834254, 18472.1645, 128, 10.8035, alpha='50', beta='10.0', bound='3.0', crossoverRate='0.75', elitism='0.1', interAttemptRate='2', interMutationRate='0.5', intraMutationRate='0.5', populationSize='50', probBestIndividual='0.7', probReversal='0.75', probSingle='0.25'
350.2156, 6179.6373626373625, 18481.0497, 128, 10.8156, alpha='50', beta='10.0', bound='3.0', crossoverRate='0.75', elitism='0.1', interAttemptRate='2', interMutationRate='0.5', intraMutationRate='0.5', populationSize='50', probBestIndividual='0.7', probReversal='0.75', probSingle='0.25'
350.4286, 6179.765027322404, 18490.6542, 128, 10.8286, alpha='50', beta='10.0', bound='3.0', crossoverRate='0.75', elitism='0.1', interAttemptRate='2', interMutationRate='0.5', intraMutationRate='0.5', populationSize='50', probBestIndividual='0.7', probReversal='0.75', probSingle='0.25'
350.6414, 6178.630434782609, 18496.3724, 128, 10.8414, alpha='50', beta='10.0', bound='3.0', crossoverRate='0.75', elitism='0.1', interAttemptRate='2', interMutationRate='0.5', intraMutationRate='0.5', populationSize='50', probBestIndividual='0.7', probReversal='0.75', probSingle='0.25'
350.8546, 6178.610810810811, 18504.3987, 128, 10.8546, alpha='50', beta='10.0', bound='3.0', crossoverRate='0.75', elitism='0.1', interAttemptRate='2', interMutationRate='0.5', intraMutationRate='0.5', populationSize='50', probBestIndividual='0.7', probReversal='0.75', probSingle='0.25'
351.0675, 6177.655913978495, 18514.0256, 128, 10.8675, alpha='50', beta='10.0', bound='3.0', crossoverRate='0.75', elitism='0.1', interAttemptRate='2', interMutationRate='0.5', intraMutationRate='0.5', populationSize='50', probBestIndividual='0.7', probReversal='0.75', probSingle='0.25'
351.2806, 6177.229946524064, 18523.6439, 128, 10.8806, alpha='50', beta='10.0', bound='3.0', crossoverRate='0.75', elitism='0.1', interAttemptRate='2', interMutationRate='0.5', intraMutationRate='0.5', populationSize='50', probBestIndividual='0.7', probReversal='0.75', probSingle='0.25'
351.4900, 6176.414893617021, 18532.3012, 128, 10.8900, alpha='50', beta='10.0', bound='3.0', crossoverRate='0.75', elitism='0.1', interAttemptRate='2', interMutationRate='0.5', intraMutationRate='0.5', populationSize='50', probBestIndividual='0.7', probReversal='0.75', probSingle='0.25'
351.6968, 6176.7671957671955, 18542.9440, 128, 10.8968, alpha='50', beta='10.0', bound='3.0', crossoverRate='0.75', elitism='0.1', interAttemptRate='2', interMutationRate='0.5', intraMutationRate='0.5', populationSize='50', probBestIndividual='0.7', probReversal='0.75', probSingle='0.25'
371.5392, 6175.868421052632, 19376.5655, 128, 11.6392, alpha='50', beta='10.0', bound='3.0', crossoverRate='0.75', elitism='0.1', interAttemptRate='2', interMutationRate='0.5', intraMutationRate='0.5', populationSize='50', probBestIndividual='0.7', probReversal='0.75', probSingle='0.25'
391.6879, 6176.801047120419, 20226.0178, 128, 12.3879, alpha='50', beta='10.0', bound='3.0', crossoverRate='0.75', elitism='0.1', interAttemptRate='2', interMutationRate='0.5', intraMutationRate='0.5', populationSize='50', probBestIndividual='0.7', probReversal='0.75', probSingle='0.25'
391.8997, 6176.90625, 20235.4669, 128, 12.3996, alpha='50', beta='10.0', bound='3.0', crossoverRate='0.75', elitism='0.1', interAttemptRate='2', interMutationRate='0.5', intraMutationRate='0.5', populationSize='50', probBestIndividual='0.7', probReversal='0.75', probSingle='0.25'
392.1123, 6176.746113989638, 20243.4028, 128, 12.4123, alpha='50', beta='10.0', bound='3.0', crossoverRate='0.75', elitism='0.1', interAttemptRate='2', interMutationRate='0.5', intraMutationRate='0.5', populationSize='50', probBestIndividual='0.7', probReversal='0.75', probSingle='0.25'
412.3608, 6177.2474226804125, 21099.2099, 128, 13.1608, alpha='50', beta='10.0', bound='3.0', crossoverRate='0.75', elitism='0.1', interAttemptRate='2', interMutationRate='0.5', intraMutationRate='0.5', populationSize='50', probBestIndividual='0.7', probReversal='0.75', probSingle='0.25'
434.5513, 6177.707692307692, 22360.4272, 128, 14.1513, alpha='50', beta='10.0', bound='3.0', crossoverRate='0.75', elitism='0.1', interAttemptRate='2', interMutationRate='0.5', intraMutationRate='0.5', populationSize='50', probBestIndividual='0.7', probReversal='0.75', probSingle='0.25'
434.7650, 6177.433673469388, 22369.3025, 128, 14.1650, alpha='50', beta='10.0', bound='3.0', crossoverRate='0.75', elitism='0.1', interAttemptRate='2', interMutationRate='0.5', intraMutationRate='0.5', populationSize='50', probBestIndividual='0.7', probReversal='0.75', probSingle='0.25'
434.9790, 6177.710659898477, 22379.2812, 128, 14.1790, alpha='50', beta='10.0', bound='3.0', crossoverRate='0.75', elitism='0.1', interAttemptRate='2', interMutationRate='0.5', intraMutationRate='0.5', populationSize='50', probBestIndividual='0.7', probReversal='0.75', probSingle='0.25'
435.1891, 6177.358585858586, 22389.9695, 128, 14.1891, alpha='50', beta='10.0', bound='3.0', crossoverRate='0.75', elitism='0.1', interAttemptRate='2', interMutationRate='0.5', intraMutationRate='0.5', populationSize='50', probBestIndividual='0.7', probReversal='0.75', probSingle='0.25'
435.4006, 6177.91959798995, 22397.8982, 128, 14.2006, alpha='50', beta='10.0', bound='3.0', crossoverRate='0.75', elitism='0.1', interAttemptRate='2', interMutationRate='0.5', intraMutationRate='0.5', populationSize='50', probBestIndividual='0.7', probReversal='0.75', probSingle='0.25'
435.6146, 6177.92, 22406.6158, 128, 14.2146, alpha='50', beta='10.0', bound='3.0', crossoverRate='0.75', elitism='0.1', interAttemptRate='2', interMutationRate='0.5', intraMutationRate='0.5', populationSize='50', probBestIndividual='0.7', probReversal='0.75', probSingle='0.25'
435.8253, 6177.621890547263, 22416.2717, 128, 14.2253, alpha='50', beta='10.0', bound='3.0', crossoverRate='0.75', elitism='0.1', interAttemptRate='2', interMutationRate='0.5', intraMutationRate='0.5', populationSize='50', probBestIndividual='0.7', probReversal='0.75', probSingle='0.25'
436.0399, 6178.549504950495, 22425.0164, 128, 14.2399, alpha='50', beta='10.0', bound='3.0', crossoverRate='0.75', elitism='0.1', interAttemptRate='2', interMutationRate='0.5', intraMutationRate='0.5', populationSize='50', probBestIndividual='0.7', probReversal='0.75', probSingle='0.25'
436.2539, 6179.172413793103, 22434.1766, 128, 14.2539, alpha='50', beta='10.0', bound='3.0', crossoverRate='0.75', elitism='0.1', interAttemptRate='2', interMutationRate='0.5', intraMutationRate='0.5', populationSize='50', probBestIndividual='0.7', probReversal='0.75', probSingle='0.25'
436.4688, 6179.8725490196075, 22444.0292, 128, 14.2688, alpha='50', beta='10.0', bound='3.0', crossoverRate='0.75', elitism='0.1', interAttemptRate='2', interMutationRate='0.5', intraMutationRate='0.5', populationSize='50', probBestIndividual='0.7', probReversal='0.75', probSingle='0.25'
436.6829, 6179.785365853659, 22452.0392, 128, 14.2829, alpha='50', beta='10.0', bound='3.0', crossoverRate='0.75', elitism='0.1', interAttemptRate='2', interMutationRate='0.5', intraMutationRate='0.5', populationSize='50', probBestIndividual='0.7', probReversal='0.75', probSingle='0.25'
436.8932, 6179.907766990291, 22462.8748, 128, 14.2932, alpha='50', beta='10.0', bound='3.0', crossoverRate='0.75', elitism='0.1', interAttemptRate='2', interMutationRate='0.5', intraMutationRate='0.5', populationSize='50', probBestIndividual='0.7', probReversal='0.75', probSingle='0.25'
437.1083, 6180.038647342995, 22472.6950, 128, 14.3083, alpha='50', beta='10.0', bound='3.0', crossoverRate='0.75', elitism='0.1', interAttemptRate='2', interMutationRate='0.5', intraMutationRate='0.5', populationSize='50', probBestIndividual='0.7', probReversal='0.75', probSingle='0.25'
437.3224, 6179.697115384615, 22480.4206, 128, 14.3224, alpha='50', beta='10.0', bound='3.0', crossoverRate='0.75', elitism='0.1', interAttemptRate='2', interMutationRate='0.5', intraMutationRate='0.5', populationSize='50', probBestIndividual='0.7', probReversal='0.75', probSingle='0.25'
437.5371, 6179.349282296651, 22489.2750, 128, 14.3371, alpha='50', beta='10.0', bound='3.0', crossoverRate='0.75', elitism='0.1', interAttemptRate='2', interMutationRate='0.5', intraMutationRate='0.5', populationSize='50', probBestIndividual='0.7', probReversal='0.75', probSingle='0.25'
459.8167, 6179.523809523809, 23483.1773, 128, 15.2167, alpha='50', beta='10.0', bound='3.0', crossoverRate='0.75', elitism='0.1', interAttemptRate='2', interMutationRate='0.5', intraMutationRate='0.5', populationSize='50', probBestIndividual='0.7', probReversal='0.75', probSingle='0.25'
460.0304, 6179.739336492891, 23492.0831, 128, 15.2304, alpha='50', beta='10.0', bound='3.0', crossoverRate='0.75', elitism='0.1', interAttemptRate='2', interMutationRate='0.5', intraMutationRate='0.5', populationSize='50', probBestIndividual='0.7', probReversal='0.75', probSingle='0.25'
460.2445, 6179.514150943396, 23502.9938, 128, 15.2445, alpha='50', beta='10.0', bound='3.0', crossoverRate='0.75', elitism='0.1', interAttemptRate='2', interMutationRate='0.5', intraMutationRate='0.5', populationSize='50', probBestIndividual='0.7', probReversal='0.75', probSingle='0.25'
460.4581, 6179.183098591549, 23510.4442, 128, 15.2581, alpha='50', beta='10.0', bound='3.0', crossoverRate='0.75', elitism='0.1', interAttemptRate='2', interMutationRate='0.5', intraMutationRate='0.5', populationSize='50', probBestIndividual='0.7', probReversal='0.75', probSingle='0.25'
484.2793, 6179.210280373832, 24558.3019, 128, 16.1793, alpha='50', beta='10.0', bound='3.0', crossoverRate='0.75', elitism='0.1', interAttemptRate='2', interMutationRate='0.5', intraMutationRate='0.5', populationSize='50', probBestIndividual='0.7', probReversal='0.75', probSingle='0.25'
484.4897, 6178.7302325581395, 24567.2775, 128, 16.1897, alpha='50', beta='10.0', bound='3.0', crossoverRate='0.75', elitism='0.1', interAttemptRate='2', interMutationRate='0.5', intraMutationRate='0.5', populationSize='50', probBestIndividual='0.7', probReversal='0.75', probSingle='0.25'
484.7029, 6179.212962962963, 24576.3284, 128, 16.2029, alpha='50', beta='10.0', bound='3.0', crossoverRate='0.75', elitism='0.1', interAttemptRate='2', interMutationRate='0.5', intraMutationRate='0.5', populationSize='50', probBestIndividual='0.7', probReversal='0.75', probSingle='0.25'
484.9163, 6180.036866359447, 24586.4547, 128, 16.2163, alpha='50', beta='10.0', bound='3.0', crossoverRate='0.75', elitism='0.1', interAttemptRate='2', interMutationRate='0.5', intraMutationRate='0.5', populationSize='50', probBestIndividual='0.7', probReversal='0.75', probSingle='0.25'
485.1301, 6180.385321100917, 24595.3934, 128, 16.2301, alpha='50', beta='10.0', bound='3.0', crossoverRate='0.75', elitism='0.1', interAttemptRate='2', interMutationRate='0.5', intraMutationRate='0.5', populationSize='50', probBestIndividual='0.7', probReversal='0.75', probSingle='0.25'
485.3447, 6181.447488584475, 24604.3815, 128, 16.2447, alpha='50', beta='10.0', bound='3.0', crossoverRate='0.75', elitism='0.1', interAttemptRate='2', interMutationRate='0.5', intraMutationRate='0.5', populationSize='50', probBestIndividual='0.7', probReversal='0.75', probSingle='0.25'
485.5582, 6181.140909090909, 24613.4851, 128, 16.2582, alpha='50', beta='10.0', bound='3.0', crossoverRate='0.75', elitism='0.1', interAttemptRate='2', interMutationRate='0.5', intraMutationRate='0.5', populationSize='50', probBestIndividual='0.7', probReversal='0.75', probSingle='0.25'
485.7689, 6180.3257918552035, 24622.4205, 128, 16.2689, alpha='50', beta='10.0', bound='3.0', crossoverRate='0.75', elitism='0.1', interAttemptRate='2', interMutationRate='0.5', intraMutationRate='0.5', populationSize='50', probBestIndividual='0.7', probReversal='0.75', probSingle='0.25'
485.9838, 6178.941441441441, 24632.2859, 128, 16.2838, alpha='50', beta='10.0', bound='3.0', crossoverRate='0.75', elitism='0.1', interAttemptRate='2', interMutationRate='0.5', intraMutationRate='0.5', populationSize='50', probBestIndividual='0.7', probReversal='0.75', probSingle='0.25'
486.1959, 6178.95067264574, 24642.3162, 128, 16.2959, alpha='50', beta='10.0', bound='3.0', crossoverRate='0.75', elitism='0.1', interAttemptRate='2', interMutationRate='0.5', intraMutationRate='0.5', populationSize='50', probBestIndividual='0.7', probReversal='0.75', probSingle='0.25'
486.4113, 6179.058035714285, 24651.2961, 128, 16.3113, alpha='50', beta='10.0', bound='3.0', crossoverRate='0.75', elitism='0.1', interAttemptRate='2', interMutationRate='0.5', intraMutationRate='0.5', populationSize='50', probBestIndividual='0.7', probReversal='0.75', probSingle='0.25'
511.0013, 6179.057777777778, 25752.0265, 128, 17.3013, alpha='50', beta='10.0', bound='3.0', crossoverRate='0.75', elitism='0.1', interAttemptRate='2', interMutationRate='0.5', intraMutationRate='0.5', populationSize='50', probBestIndividual='0.7', probReversal='0.75', probSingle='0.25'
511.2159, 6178.840707964602, 25761.9385, 128, 17.3159, alpha='50', beta='10.0', bound='3.0', crossoverRate='0.75', elitism='0.1', interAttemptRate='2', interMutationRate='0.5', intraMutationRate='0.5', populationSize='50', probBestIndividual='0.7', probReversal='0.75', probSingle='0.25'
511.4285, 6179.022026431718, 25769.8999, 128, 17.3285, alpha='50', beta='10.0', bound='3.0', crossoverRate='0.75', elitism='0.1', interAttemptRate='2', interMutationRate='0.5', intraMutationRate='0.5', populationSize='50', probBestIndividual='0.7', probReversal='0.75', probSingle='0.25'
511.6419, 6179.609649122807, 25779.6762, 128, 17.3419, alpha='50', beta='10.0', bound='3.0', crossoverRate='0.75', elitism='0.1', interAttemptRate='2', interMutationRate='0.5', intraMutationRate='0.5', populationSize='50', probBestIndividual='0.7', probReversal='0.75', probSingle='0.25'
511.8572, 6180.6419213973795, 25788.2743, 128, 17.3572, alpha='50', beta='10.0', bound='3.0', crossoverRate='0.75', elitism='0.1', interAttemptRate='2', interMutationRate='0.5', intraMutationRate='0.5', populationSize='50', probBestIndividual='0.7', probReversal='0.75', probSingle='0.25'
512.0697, 6180.608695652174, 25797.6505, 128, 17.3697, alpha='50', beta='10.0', bound='3.0', crossoverRate='0.75', elitism='0.1', interAttemptRate='2', interMutationRate='0.5', intraMutationRate='0.5', populationSize='50', probBestIndividual='0.7', probReversal='0.75', probSingle='0.25'
512.2843, 6180.688311688312, 25807.7819, 128, 17.3843, alpha='50', beta='10.0', bound='3.0', crossoverRate='0.75', elitism='0.1', interAttemptRate='2', interMutationRate='0.5', intraMutationRate='0.5', populationSize='50', probBestIndividual='0.7', probReversal='0.75', probSingle='0.25'
512.4989, 6181.056034482759, 25816.3894, 128, 17.3989, alpha='50', beta='10.0', bound='3.0', crossoverRate='0.75', elitism='0.1', interAttemptRate='2', interMutationRate='0.5', intraMutationRate='0.5', populationSize='50', probBestIndividual='0.7', probReversal='0.75', probSingle='0.25'
512.7141, 6181.4635193133045, 25825.0693, 128, 17.4141, alpha='50', beta='10.0', bound='3.0', crossoverRate='0.75', elitism='0.1', interAttemptRate='2', interMutationRate='0.5', intraMutationRate='0.5', populationSize='50', probBestIndividual='0.7', probReversal='0.75', probSingle='0.25'
537.6885, 6181.059829059829, 27745.5025, 128, 18.7885, alpha='50', beta='10.0', bound='3.0', crossoverRate='0.75', elitism='0.1', interAttemptRate='2', interMutationRate='0.5', intraMutationRate='0.5', populationSize='50', probBestIndividual='0.7', probReversal='0.75', probSingle='0.25'
537.9034, 6180.0893617021275, 27753.4830, 128, 18.8034, alpha='50', beta='10.0', bound='3.0', crossoverRate='0.75', elitism='0.1', interAttemptRate='2', interMutationRate='0.5', intraMutationRate='0.5', populationSize='50', probBestIndividual='0.7', probReversal='0.75', probSingle='0.25'
562.7436, 6180.025423728814, 28869.3436, 128, 19.9436, alpha='50', beta='10.0', bound='3.0', crossoverRate='0.75', elitism='0.1', interAttemptRate='2', interMutationRate='0.5', intraMutationRate='0.5', populationSize='50', probBestIndividual='0.7', probReversal='0.75', probSingle='0.25'
589.3566, 6180.291139240507, 30056.9350, 128, 21.0566, alpha='50', beta='10.0', bound='3.0', crossoverRate='0.75', elitism='0.1', interAttemptRate='2', interMutationRate='0.5', intraMutationRate='0.5', populationSize='50', probBestIndividual='0.7', probReversal='0.75', probSingle='0.25'
589.5685, 6179.663865546218, 30066.3294, 128, 21.0685, alpha='50', beta='10.0', bound='3.0', crossoverRate='0.75', elitism='0.1', interAttemptRate='2', interMutationRate='0.5', intraMutationRate='0.5', populationSize='50', probBestIndividual='0.7', probReversal='0.75', probSingle='0.25'
589.7818, 6179.665271966527, 30075.1731, 128, 21.0818, alpha='50', beta='10.0', bound='3.0', crossoverRate='0.75', elitism='0.1', interAttemptRate='2', interMutationRate='0.5', intraMutationRate='0.5', populationSize='50', probBestIndividual='0.7', probReversal='0.75', probSingle='0.25'
589.9979, 6179.841666666666, 30084.2909, 128, 21.0979, alpha='50', beta='10.0', bound='3.0', crossoverRate='0.75', elitism='0.1', interAttemptRate='2', interMutationRate='0.5', intraMutationRate='0.5', populationSize='50', probBestIndividual='0.7', probReversal='0.75', probSingle='0.25'
590.2131, 6179.340248962656, 30093.2047, 128, 21.1131, alpha='50', beta='10.0', bound='3.0', crossoverRate='0.75', elitism='0.1', interAttemptRate='2', interMutationRate='0.5', intraMutationRate='0.5', populationSize='50', probBestIndividual='0.7', probReversal='0.75', probSingle='0.25'
590.4280, 6178.714876033057, 30103.9441, 128, 21.1280, alpha='50', beta='10.0', bound='3.0', crossoverRate='0.75', elitism='0.1', interAttemptRate='2', interMutationRate='0.5', intraMutationRate='0.5', populationSize='50', probBestIndividual='0.7', probReversal='0.75', probSingle='0.25'
590.6436, 6178.757201646091, 30112.8663, 128, 21.1436, alpha='50', beta='10.0', bound='3.0', crossoverRate='0.75', elitism='0.1', interAttemptRate='2', interMutationRate='0.5', intraMutationRate='0.5', populationSize='50', probBestIndividual='0.7', probReversal='0.75', probSingle='0.25'
590.8580, 6178.733606557377, 30121.3158, 128, 21.1580, alpha='50', beta='10.0', bound='3.0', crossoverRate='0.75', elitism='0.1', interAttemptRate='2', interMutationRate='0.5', intraMutationRate='0.5', populationSize='50', probBestIndividual='0.7', probReversal='0.75', probSingle='0.25'
591.0733, 6178.865306122449, 30130.2153, 128, 21.1733, alpha='50', beta='10.0', bound='3.0', crossoverRate='0.75', elitism='0.1', interAttemptRate='2', interMutationRate='0.5', intraMutationRate='0.5', populationSize='50', probBestIndividual='0.7', probReversal='0.75', probSingle='0.25'
591.2870, 6178.341463414634, 30139.2596, 128, 21.1870, alpha='50', beta='10.0', bound='3.0', crossoverRate='0.75', elitism='0.1', interAttemptRate='2', interMutationRate='0.5', intraMutationRate='0.5', populationSize='50', probBestIndividual='0.7', probReversal='0.75', probSingle='0.25'
591.4980, 6178.17004048583, 30147.2019, 128, 21.1980, alpha='50', beta='10.0', bound='3.0', crossoverRate='0.75', elitism='0.1', interAttemptRate='2', interMutationRate='0.5', intraMutationRate='0.5', populationSize='50', probBestIndividual='0.7', probReversal='0.75', probSingle='0.25'
591.7137, 6178.020161290323, 30158.9023, 128, 21.2137, alpha='50', beta='10.0', bound='3.0', crossoverRate='0.75', elitism='0.1', interAttemptRate='2', interMutationRate='0.5', intraMutationRate='0.5', populationSize='50', probBestIndividual='0.7', probReversal='0.75', probSingle='0.25'
591.9255, 6177.4658634538155, 30166.8967, 128, 21.2255, alpha='50', beta='10.0', bound='3.0', crossoverRate='0.75', elitism='0.1', interAttemptRate='2', interMutationRate='0.5', intraMutationRate='0.5', populationSize='50', probBestIndividual='0.7', probReversal='0.75', probSingle='0.25'
592.1398, 6177.2, 30175.2441, 128, 21.2398, alpha='50', beta='10.0', bound='3.0', crossoverRate='0.75', elitism='0.1', interAttemptRate='2', interMutationRate='0.5', intraMutationRate='0.5', populationSize='50', probBestIndividual='0.7', probReversal='0.75', probSingle='0.25'
592.3535, 6177.203187250996, 30184.1002, 128, 21.2535, alpha='50', beta='10.0', bound='3.0', crossoverRate='0.75', elitism='0.1', interAttemptRate='2', interMutationRate='0.5', intraMutationRate='0.5', populationSize='50', probBestIndividual='0.7', probReversal='0.75', probSingle='0.25'
592.5670, 6177.563492063492, 30193.0860, 128, 21.2670, alpha='50', beta='10.0', bound='3.0', crossoverRate='0.75', elitism='0.1', interAttemptRate='2', interMutationRate='0.5', intraMutationRate='0.5', populationSize='50', probBestIndividual='0.7', probReversal='0.75', probSingle='0.25'
620.0079, 6176.932806324111, 31386.3237, 128, 22.5079, alpha='50', beta='10.0', bound='3.0', crossoverRate='0.75', elitism='0.1', interAttemptRate='2', interMutationRate='0.5', intraMutationRate='0.5', populationSize='50', probBestIndividual='0.7', probReversal='0.75', probSingle='0.25'
620.2251, 6175.944881889764, 31397.6271, 128, 22.5251, alpha='50', beta='10.0', bound='3.0', crossoverRate='0.75', elitism='0.1', interAttemptRate='2', interMutationRate='0.5', intraMutationRate='0.5', populationSize='50', probBestIndividual='0.7', probReversal='0.75', probSingle='0.25'
620.4409, 6176.36862745098, 31405.5638, 128, 22.5409, alpha='50', beta='10.0', bound='3.0', crossoverRate='0.75', elitism='0.1', interAttemptRate='2', interMutationRate='0.5', intraMutationRate='0.5', populationSize='50', probBestIndividual='0.7', probReversal='0.75', probSingle='0.25'
620.6568, 6176.44140625, 31414.2954, 128, 22.5568, alpha='50', beta='10.0', bound='3.0', crossoverRate='0.75', elitism='0.1', interAttemptRate='2', interMutationRate='0.5', intraMutationRate='0.5', populationSize='50', probBestIndividual='0.7', probReversal='0.75', probSingle='0.25'
620.8731, 6176.704280155642, 31432.3081, 128, 22.5731, alpha='50', beta='10.0', bound='3.0', crossoverRate='0.75', elitism='0.1', interAttemptRate='2', interMutationRate='0.5', intraMutationRate='0.5', populationSize='50', probBestIndividual='0.7', probReversal='0.75', probSingle='0.25'
621.0945, 6176.313953488372, 31451.7763, 128, 22.5945, alpha='50', beta='10.0', bound='3.0', crossoverRate='0.75', elitism='0.1', interAttemptRate='2', interMutationRate='0.5', intraMutationRate='0.5', populationSize='50', probBestIndividual='0.7', probReversal='0.75', probSingle='0.25'
621.3102, 6176.158301158302, 31460.9971, 128, 22.6102, alpha='50', beta='10.0', bound='3.0', crossoverRate='0.75', elitism='0.1', interAttemptRate='2', interMutationRate='0.5', intraMutationRate='0.5', populationSize='50', probBestIndividual='0.7', probReversal='0.75', probSingle='0.25'
621.5262, 6177.161538461539, 31469.7541, 128, 22.6262, alpha='50', beta='10.0', bound='3.0', crossoverRate='0.75', elitism='0.1', interAttemptRate='2', interMutationRate='0.5', intraMutationRate='0.5', populationSize='50', probBestIndividual='0.7', probReversal='0.75', probSingle='0.25'
621.7405, 6177.923371647509, 31478.7025, 128, 22.6405, alpha='50', beta='10.0', bound='3.0', crossoverRate='0.75', elitism='0.1', interAttemptRate='2', interMutationRate='0.5', intraMutationRate='0.5', populationSize='50', probBestIndividual='0.7', probReversal='0.75', probSingle='0.25'
649.9393, 6177.274809160305, 32722.4254, 128, 23.9393, alpha='50', beta='10.0', bound='3.0', crossoverRate='0.75', elitism='0.1', interAttemptRate='2', interMutationRate='0.5', intraMutationRate='0.5', populationSize='50', probBestIndividual='0.7', probReversal='0.75', probSingle='0.25'
650.1558, 6177.638783269962, 32735.6411, 128, 23.9558, alpha='50', beta='10.0', bound='3.0', crossoverRate='0.75', elitism='0.1', interAttemptRate='2', interMutationRate='0.5', intraMutationRate='0.5', populationSize='50', probBestIndividual='0.7', probReversal='0.75', probSingle='0.25'
650.3698, 6178.166666666667, 32743.6417, 128, 23.9698, alpha='50', beta='10.0', bound='3.0', crossoverRate='0.75', elitism='0.1', interAttemptRate='2', interMutationRate='0.5', intraMutationRate='0.5', populationSize='50', probBestIndividual='0.7', probReversal='0.75', probSingle='0.25'
650.5854, 6178.08679245283, 32751.6896, 128, 23.9854, alpha='50', beta='10.0', bound='3.0', crossoverRate='0.75', elitism='0.1', interAttemptRate='2', interMutationRate='0.5', intraMutationRate='0.5', populationSize='50', probBestIndividual='0.7', probReversal='0.75', probSingle='0.25'
650.8010, 6177.977443609023, 32759.7016, 128, 24.0010, alpha='50', beta='10.0', bound='3.0', crossoverRate='0.75', elitism='0.1', interAttemptRate='2', interMutationRate='0.5', intraMutationRate='0.5', populationSize='50', probBestIndividual='0.7', probReversal='0.75', probSingle='0.25'
651.0144, 6177.940074906367, 32767.5239, 128, 24.0144, alpha='50', beta='10.0', bound='3.0', crossoverRate='0.75', elitism='0.1', interAttemptRate='2', interMutationRate='0.5', intraMutationRate='0.5', populationSize='50', probBestIndividual='0.7', probReversal='0.75', probSingle='0.25'
651.2304, 6178.19776119403, 32776.2811, 128, 24.0304, alpha='50', beta='10.0', bound='3.0', crossoverRate='0.75', elitism='0.1', interAttemptRate='2', interMutationRate='0.5', intraMutationRate='0.5', populationSize='50', probBestIndividual='0.7', probReversal='0.75', probSingle='0.25'
679.7319, 6178.003717472119, 34037.3044, 128, 25.3319, alpha='50', beta='10.0', bound='3.0', crossoverRate='0.75', elitism='0.1', interAttemptRate='2', interMutationRate='0.5', intraMutationRate='0.5', populationSize='50', probBestIndividual='0.7', probReversal='0.75', probSingle='0.25'
679.9498, 6177.618518518519, 34048.9898, 128, 25.3498, alpha='50', beta='10.0', bound='3.0', crossoverRate='0.75', elitism='0.1', interAttemptRate='2', interMutationRate='0.5', intraMutationRate='0.5', populationSize='50', probBestIndividual='0.7', probReversal='0.75', probSingle='0.25'
680.1657, 6177.752767527675, 34057.7828, 128, 25.3657, alpha='50', beta='10.0', bound='3.0', crossoverRate='0.75', elitism='0.1', interAttemptRate='2', interMutationRate='0.5', intraMutationRate='0.5', populationSize='50', probBestIndividual='0.7', probReversal='0.75', probSingle='0.25'
709.6087, 6177.867647058823, 35366.9908, 128, 26.7087, alpha='50', beta='10.0', bound='3.0', crossoverRate='0.75', elitism='0.1', interAttemptRate='2', interMutationRate='0.5', intraMutationRate='0.5', populationSize='50', probBestIndividual='0.7', probReversal='0.75', probSingle='0.25'
709.8261, 6177.666666666667, 35377.7043, 128, 26.7261, alpha='50', beta='10.0', bound='3.0', crossoverRate='0.75', elitism='0.1', interAttemptRate='2', interMutationRate='0.5', intraMutationRate='0.5', populationSize='50', probBestIndividual='0.7', probReversal='0.75', probSingle='0.25'
710.0415, 6177.784671532847, 35386.9045, 128, 26.7415, alpha='50', beta='10.0', bound='3.0', crossoverRate='0.75', elitism='0.1', interAttemptRate='2', interMutationRate='0.5', intraMutationRate='0.5', populationSize='50', probBestIndividual='0.7', probReversal='0.75', probSingle='0.25'
710.2579, 6177.909090909091, 35394.5970, 128, 26.7579, alpha='50', beta='10.0', bound='3.0', crossoverRate='0.75', elitism='0.1', interAttemptRate='2', interMutationRate='0.5', intraMutationRate='0.5', populationSize='50', probBestIndividual='0.7', probReversal='0.75', probSingle='0.25'
710.4744, 6177.692028985507, 35404.5225, 128, 26.7744, alpha='50', beta='10.0', bound='3.0', crossoverRate='0.75', elitism='0.1', interAttemptRate='2', interMutationRate='0.5', intraMutationRate='0.5', populationSize='50', probBestIndividual='0.7', probReversal='0.75', probSingle='0.25'
710.6867, 6177.332129963899, 35412.4644, 128, 26.7867, alpha='50', beta='10.0', bound='3.0', crossoverRate='0.75', elitism='0.1', interAttemptRate='2', interMutationRate='0.5', intraMutationRate='0.5', populationSize='50', probBestIndividual='0.7', probReversal='0.75', probSingle='0.25'
710.9013, 6177.402877697842, 35422.4550, 128, 26.8013, alpha='50', beta='10.0', bound='3.0', crossoverRate='0.75', elitism='0.1', interAttemptRate='2', interMutationRate='0.5', intraMutationRate='0.5', populationSize='50', probBestIndividual='0.7', probReversal='0.75', probSingle='0.25'
711.1132, 6177.73835125448, 35431.5001, 128, 26.8132, alpha='50', beta='10.0', bound='3.0', crossoverRate='0.75', elitism='0.1', interAttemptRate='2', interMutationRate='0.5', intraMutationRate='0.5', populationSize='50', probBestIndividual='0.7', probReversal='0.75', probSingle='0.25'
711.3282, 6177.0, 35441.9848, 128, 26.8282, alpha='50', beta='10.0', bound='3.0', crossoverRate='0.75', elitism='0.1', interAttemptRate='2', interMutationRate='0.5', intraMutationRate='0.5', populationSize='50', probBestIndividual='0.7', probReversal='0.75', probSingle='0.25'
741.2017, 6176.88256227758, 36749.5668, 128, 28.2017, alpha='50', beta='10.0', bound='3.0', crossoverRate='0.75', elitism='0.1', interAttemptRate='2', interMutationRate='0.5', intraMutationRate='0.5', populationSize='50', probBestIndividual='0.7', probReversal='0.75', probSingle='0.25'
741.4180, 6176.904255319149, 36758.9165, 128, 28.2180, alpha='50', beta='10.0', bound='3.0', crossoverRate='0.75', elitism='0.1', interAttemptRate='2', interMutationRate='0.5', intraMutationRate='0.5', populationSize='50', probBestIndividual='0.7', probReversal='0.75', probSingle='0.25'
741.6337, 6176.374558303887, 36767.3594, 128, 28.2337, alpha='50', beta='10.0', bound='3.0', crossoverRate='0.75', elitism='0.1', interAttemptRate='2', interMutationRate='0.5', intraMutationRate='0.5', populationSize='50', probBestIndividual='0.7', probReversal='0.75', probSingle='0.25'
741.8483, 6176.355633802817, 36778.2696, 128, 28.2483, alpha='50', beta='10.0', bound='3.0', crossoverRate='0.75', elitism='0.1', interAttemptRate='2', interMutationRate='0.5', intraMutationRate='0.5', populationSize='50', probBestIndividual='0.7', probReversal='0.75', probSingle='0.25'
771.9354, 6176.301754385965, 38070.4828, 128, 29.6354, alpha='50', beta='10.0', bound='3.0', crossoverRate='0.75', elitism='0.1', interAttemptRate='2', interMutationRate='0.5', intraMutationRate='0.5', populationSize='50', probBestIndividual='0.7', probReversal='0.75', probSingle='0.25'
772.1529, 6175.916083916084, 38080.5949, 128, 29.6529, alpha='50', beta='10.0', bound='3.0', crossoverRate='0.75', elitism='0.1', interAttemptRate='2', interMutationRate='0.5', intraMutationRate='0.5', populationSize='50', probBestIndividual='0.7', probReversal='0.75', probSingle='0.25'
802.7712, 6175.285714285715, 39406.0705, 128, 31.0712, alpha='50', beta='10.0', bound='3.0', crossoverRate='0.75', elitism='0.1', interAttemptRate='2', interMutationRate='0.5', intraMutationRate='0.5', populationSize='50', probBestIndividual='0.7', probReversal='0.75', probSingle='0.25'
802.9881, 6175.302083333333, 39414.1817, 128, 31.0881, alpha='50', beta='10.0', bound='3.0', crossoverRate='0.75', elitism='0.1', interAttemptRate='2', interMutationRate='0.5', intraMutationRate='0.5', populationSize='50', probBestIndividual='0.7', probReversal='0.75', probSingle='0.25'
803.2039, 6175.809688581315, 39424.9825, 128, 31.1039, alpha='50', beta='10.0', bound='3.0', crossoverRate='0.75', elitism='0.1', interAttemptRate='2', interMutationRate='0.5', intraMutationRate='0.5', populationSize='50', probBestIndividual='0.7', probReversal='0.75', probSingle='0.25'
803.4180, 6175.586206896552, 39433.1123, 128, 31.1180, alpha='50', beta='10.0', bound='3.0', crossoverRate='0.75', elitism='0.1', interAttemptRate='2', interMutationRate='0.5', intraMutationRate='0.5', populationSize='50', probBestIndividual='0.7', probReversal='0.75', probSingle='0.25'
803.6345, 6175.395189003437, 39441.0559, 128, 31.1345, alpha='50', beta='10.0', bound='3.0', crossoverRate='0.75', elitism='0.1', interAttemptRate='2', interMutationRate='0.5', intraMutationRate='0.5', populationSize='50', probBestIndividual='0.7', probReversal='0.75', probSingle='0.25'
836.5528, 6175.280821917808, 40884.0242, 128, 32.6528, alpha='50', beta='10.0', bound='3.0', crossoverRate='0.75', elitism='0.1', interAttemptRate='2', interMutationRate='0.5', intraMutationRate='0.5', populationSize='50', probBestIndividual='0.7', probReversal='0.75', probSingle='0.25'
836.7709, 6175.467576791809, 40896.5742, 128, 32.6709, alpha='50', beta='10.0', bound='3.0', crossoverRate='0.75', elitism='0.1', interAttemptRate='2', interMutationRate='0.5', intraMutationRate='0.5', populationSize='50', probBestIndividual='0.7', probReversal='0.75', probSingle='0.25'
836.9865, 6176.013605442177, 40906.1918, 128, 32.6865, alpha='50', beta='10.0', bound='3.0', crossoverRate='0.75', elitism='0.1', interAttemptRate='2', interMutationRate='0.5', intraMutationRate='0.5', populationSize='50', probBestIndividual='0.7', probReversal='0.75', probSingle='0.25'
837.2034, 6176.471186440678, 40915.1497, 128, 32.7034, alpha='50', beta='10.0', bound='3.0', crossoverRate='0.75', elitism='0.1', interAttemptRate='2', interMutationRate='0.5', intraMutationRate='0.5', populationSize='50', probBestIndividual='0.7', probReversal='0.75', probSingle='0.25'
837.4175, 6176.118243243243, 40924.6095, 128, 32.7175, alpha='50', beta='10.0', bound='3.0', crossoverRate='0.75', elitism='0.1', interAttemptRate='2', interMutationRate='0.5', intraMutationRate='0.5', populationSize='50', probBestIndividual='0.7', probReversal='0.75', probSingle='0.25'
837.6348, 6176.043771043771, 40935.6702, 128, 32.7348, alpha='50', beta='10.0', bound='3.0', crossoverRate='0.75', elitism='0.1', interAttemptRate='2', interMutationRate='0.5', intraMutationRate='0.5', populationSize='50', probBestIndividual='0.7', probReversal='0.75', probSingle='0.25'
837.8518, 6176.073825503356, 40944.9655, 128, 32.7518, alpha='50', beta='10.0', bound='3.0', crossoverRate='0.75', elitism='0.1', interAttemptRate='2', interMutationRate='0.5', intraMutationRate='0.5', populationSize='50', probBestIndividual='0.7', probReversal='0.75', probSingle='0.25'
838.0686, 6175.9866220735785, 40953.8926, 128, 32.7686, alpha='50', beta='10.0', bound='3.0', crossoverRate='0.75', elitism='0.1', interAttemptRate='2', interMutationRate='0.5', intraMutationRate='0.5', populationSize='50', probBestIndividual='0.7', probReversal='0.75', probSingle='0.25'
838.2856, 6175.67, 40961.3659, 128, 32.7856, alpha='50', beta='10.0', bound='3.0', crossoverRate='0.75', elitism='0.1', interAttemptRate='2', interMutationRate='0.5', intraMutationRate='0.5', populationSize='50', probBestIndividual='0.7', probReversal='0.75', probSingle='0.25'
838.5017, 6175.671096345515, 40970.1493, 128, 32.8017, alpha='50', beta='10.0', bound='3.0', crossoverRate='0.75', elitism='0.1', interAttemptRate='2', interMutationRate='0.5', intraMutationRate='0.5', populationSize='50', probBestIndividual='0.7', probReversal='0.75', probSingle='0.25'
838.7123, 6176.188741721854, 40979.2144, 128, 32.8123, alpha='50', beta='10.0', bound='3.0', crossoverRate='0.75', elitism='0.1', interAttemptRate='2', interMutationRate='0.5', intraMutationRate='0.5', populationSize='50', probBestIndividual='0.7', probReversal='0.75', probSingle='0.25'
838.9294, 6176.726072607261, 40988.7119, 128, 32.8294, alpha='50', beta='10.0', bound='3.0', crossoverRate='0.75', elitism='0.1', interAttemptRate='2', interMutationRate='0.5', intraMutationRate='0.5', populationSize='50', probBestIndividual='0.7', probReversal='0.75', probSingle='0.25'
839.1464, 6176.638157894737, 40997.1216, 128, 32.8464, alpha='50', beta='10.0', bound='3.0', crossoverRate='0.75', elitism='0.1', interAttemptRate='2', interMutationRate='0.5', intraMutationRate='0.5', populationSize='50', probBestIndividual='0.7', probReversal='0.75', probSingle='0.25'
839.3589, 6176.701639344263, 41006.1075, 128, 32.8589, alpha='50', beta='10.0', bound='3.0', crossoverRate='0.75', elitism='0.1', interAttemptRate='2', interMutationRate='0.5', intraMutationRate='0.5', populationSize='50', probBestIndividual='0.7', probReversal='0.75', probSingle='0.25'
839.5737, 6176.431372549019, 41015.2654, 128, 32.8737, alpha='50', beta='10.0', bound='3.0', crossoverRate='0.75', elitism='0.1', interAttemptRate='2', interMutationRate='0.5', intraMutationRate='0.5', populationSize='50', probBestIndividual='0.7', probReversal='0.75', probSingle='0.25'
839.7872, 6177.094462540716, 41024.3265, 128, 32.8872, alpha='50', beta='10.0', bound='3.0', crossoverRate='0.75', elitism='0.1', interAttemptRate='2', interMutationRate='0.5', intraMutationRate='0.5', populationSize='50', probBestIndividual='0.7', probReversal='0.75', probSingle='0.25'
840.0044, 6176.948051948052, 41033.6845, 128, 32.9044, alpha='50', beta='10.0', bound='3.0', crossoverRate='0.75', elitism='0.1', interAttemptRate='2', interMutationRate='0.5', intraMutationRate='0.5', populationSize='50', probBestIndividual='0.7', probReversal='0.75', probSingle='0.25'
840.2218, 6177.540453074434, 41042.2698, 128, 32.9218, alpha='50', beta='10.0', bound='3.0', crossoverRate='0.75', elitism='0.1', interAttemptRate='2', interMutationRate='0.5', intraMutationRate='0.5', populationSize='50', probBestIndividual='0.7', probReversal='0.75', probSingle='0.25'
873.6447, 6177.1612903225805, 42521.9334, 128, 34.5447, alpha='50', beta='10.0', bound='3.0', crossoverRate='0.75', elitism='0.1', interAttemptRate='2', interMutationRate='0.5', intraMutationRate='0.5', populationSize='50', probBestIndividual='0.7', probReversal='0.75', probSingle='0.25'
873.8625, 6177.086816720257, 42530.5879, 128, 34.5625, alpha='50', beta='10.0', bound='3.0', crossoverRate='0.75', elitism='0.1', interAttemptRate='2', interMutationRate='0.5', intraMutationRate='0.5', populationSize='50', probBestIndividual='0.7', probReversal='0.75', probSingle='0.25'
874.0795, 6177.599358974359, 42541.0665, 128, 34.5795, alpha='50', beta='10.0', bound='3.0', crossoverRate='0.75', elitism='0.1', interAttemptRate='2', interMutationRate='0.5', intraMutationRate='0.5', populationSize='50', probBestIndividual='0.7', probReversal='0.75', probSingle='0.25'
874.2906, 6178.2012779552715, 42551.6972, 128, 34.5906, alpha='50', beta='10.0', bound='3.0', crossoverRate='0.75', elitism='0.1', interAttemptRate='2', interMutationRate='0.5', intraMutationRate='0.5', populationSize='50', probBestIndividual='0.7', probReversal='0.75', probSingle='0.25'
874.5075, 6178.050955414013, 42560.4646, 128, 34.6075, alpha='50', beta='10.0', bound='3.0', crossoverRate='0.75', elitism='0.1', interAttemptRate='2', interMutationRate='0.5', intraMutationRate='0.5', populationSize='50', probBestIndividual='0.7', probReversal='0.75', probSingle='0.25'
874.7269, 6178.323809523809, 42571.7761, 128, 34.6269, alpha='50', beta='10.0', bound='3.0', crossoverRate='0.75', elitism='0.1', interAttemptRate='2', interMutationRate='0.5', intraMutationRate='0.5', populationSize='50', probBestIndividual='0.7', probReversal='0.75', probSingle='0.25'
908.5272, 6178.534810126583, 44017.3142, 128, 36.3272, alpha='50', beta='10.0', bound='3.0', crossoverRate='0.75', elitism='0.1', interAttemptRate='2', interMutationRate='0.5', intraMutationRate='0.5', populationSize='50', probBestIndividual='0.7', probReversal='0.75', probSingle='0.25'
908.7447, 6179.02523659306, 44027.1548, 128, 36.3447, alpha='50', beta='10.0', bound='3.0', crossoverRate='0.75', elitism='0.1', interAttemptRate='2', interMutationRate='0.5', intraMutationRate='0.5', populationSize='50', probBestIndividual='0.7', probReversal='0.75', probSingle='0.25'
908.9631, 6178.855345911949, 44038.7503, 128, 36.3631, alpha='50', beta='10.0', bound='3.0', crossoverRate='0.75', elitism='0.1', interAttemptRate='2', interMutationRate='0.5', intraMutationRate='0.5', populationSize='50', probBestIndividual='0.7', probReversal='0.75', probSingle='0.25'
942.9752, 6178.614420062696, 45498.7100, 128, 38.0752, alpha='50', beta='10.0', bound='3.0', crossoverRate='0.75', elitism='0.1', interAttemptRate='2', interMutationRate='0.5', intraMutationRate='0.5', populationSize='50', probBestIndividual='0.7', probReversal='0.75', probSingle='0.25'
943.1939, 6177.921875, 45508.0694, 128, 38.0939, alpha='50', beta='10.0', bound='3.0', crossoverRate='0.75', elitism='0.1', interAttemptRate='2', interMutationRate='0.5', intraMutationRate='0.5', populationSize='50', probBestIndividual='0.7', probReversal='0.75', probSingle='0.25'
943.4111, 6177.632398753894, 45517.5989, 128, 38.1111, alpha='50', beta='10.0', bound='3.0', crossoverRate='0.75', elitism='0.1', interAttemptRate='2', interMutationRate='0.5', intraMutationRate='0.5', populationSize='50', probBestIndividual='0.7', probReversal='0.75', probSingle='0.25'
943.6287, 6177.428571428572, 45527.5081, 128, 38.1287, alpha='50', beta='10.0', bound='3.0', crossoverRate='0.75', elitism='0.1', interAttemptRate='2', interMutationRate='0.5', intraMutationRate='0.5', populationSize='50', probBestIndividual='0.7', probReversal='0.75', probSingle='0.25'
979.2986, 6178.080495356037, 47093.1985, 128, 39.8986, alpha='50', beta='10.0', bound='3.0', crossoverRate='0.75', elitism='0.1', interAttemptRate='2', interMutationRate='0.5', intraMutationRate='0.5', populationSize='50', probBestIndividual='0.7', probReversal='0.75', probSingle='0.25'
979.5172, 6177.913580246914, 47103.9964, 128, 39.9172, alpha='50', beta='10.0', bound='3.0', crossoverRate='0.75', elitism='0.1', interAttemptRate='2', interMutationRate='0.5', intraMutationRate='0.5', populationSize='50', probBestIndividual='0.7', probReversal='0.75', probSingle='0.25'
979.7327, 6177.3538461538465, 47113.8905, 128, 39.9327, alpha='50', beta='10.0', bound='3.0', crossoverRate='0.75', elitism='0.1', interAttemptRate='2', interMutationRate='0.5', intraMutationRate='0.5', populationSize='50', probBestIndividual='0.7', probReversal='0.75', probSingle='0.25'
979.9516, 6177.104294478528, 47121.5115, 128, 39.9516, alpha='50', beta='10.0', bound='3.0', crossoverRate='0.75', elitism='0.1', interAttemptRate='2', interMutationRate='0.5', intraMutationRate='0.5', populationSize='50', probBestIndividual='0.7', probReversal='0.75', probSingle='0.25'
980.1679, 6177.730886850153, 47129.4263, 128, 39.9679, alpha='50', beta='10.0', bound='3.0', crossoverRate='0.75', elitism='0.1', interAttemptRate='2', interMutationRate='0.5', intraMutationRate='0.5', populationSize='50', probBestIndividual='0.7', probReversal='0.75', probSingle='0.25'
980.3857, 6177.115853658536, 47137.4249, 128, 39.9857, alpha='50', beta='10.0', bound='3.0', crossoverRate='0.75', elitism='0.1', interAttemptRate='2', interMutationRate='0.5', intraMutationRate='0.5', populationSize='50', probBestIndividual='0.7', probReversal='0.75', probSingle='0.25'
980.6033, 6176.47112462006, 47146.0499, 128, 40.0033, alpha='50', beta='10.0', bound='3.0', crossoverRate='0.75', elitism='0.1', interAttemptRate='2', interMutationRate='0.5', intraMutationRate='0.5', populationSize='50', probBestIndividual='0.7', probReversal='0.75', probSingle='0.25'
980.8210, 6175.963636363636, 47155.0312, 128, 40.0210, alpha='50', beta='10.0', bound='3.0', crossoverRate='0.75', elitism='0.1', interAttemptRate='2', interMutationRate='0.5', intraMutationRate='0.5', populationSize='50', probBestIndividual='0.7', probReversal='0.75', probSingle='0.25'
981.0362, 6175.580060422961, 47165.7744, 128, 40.0362, alpha='50', beta='10.0', bound='3.0', crossoverRate='0.75', elitism='0.1', interAttemptRate='2', interMutationRate='0.5', intraMutationRate='0.5', populationSize='50', probBestIndividual='0.7', probReversal='0.75', probSingle='0.25'
981.2503, 6176.409638554217, 47174.5781, 128, 40.0503, alpha='50', beta='10.0', bound='3.0', crossoverRate='0.75', elitism='0.1', interAttemptRate='2', interMutationRate='0.5', intraMutationRate='0.5', populationSize='50', probBestIndividual='0.7', probReversal='0.75', probSingle='0.25'
981.4672, 6176.372372372372, 47184.4800, 128, 40.0672, alpha='50', beta='10.0', bound='3.0', crossoverRate='0.75', elitism='0.1', interAttemptRate='2', interMutationRate='0.5', intraMutationRate='0.5', populationSize='50', probBestIndividual='0.7', probReversal='0.75', probSingle='0.25'
981.6846, 6176.122754491018, 47193.0608, 128, 40.0846, alpha='50', beta='10.0', bound='3.0', crossoverRate='0.75', elitism='0.1', interAttemptRate='2', interMutationRate='0.5', intraMutationRate='0.5', populationSize='50', probBestIndividual='0.7', probReversal='0.75', probSingle='0.25'
981.9026, 6176.355223880597, 47202.9798, 128, 40.1026, alpha='50', beta='10.0', bound='3.0', crossoverRate='0.75', elitism='0.1', interAttemptRate='2', interMutationRate='0.5', intraMutationRate='0.5', populationSize='50', probBestIndividual='0.7', probReversal='0.75', probSingle='0.25'
982.1212, 6176.223214285715, 47211.2252, 128, 40.1212, alpha='50', beta='10.0', bound='3.0', crossoverRate='0.75', elitism='0.1', interAttemptRate='2', interMutationRate='0.5', intraMutationRate='0.5', populationSize='50', probBestIndividual='0.7', probReversal='0.75', probSingle='0.25'
1018.3469, 6176.753709198813, 48884.9855, 128, 42.0469, alpha='50', beta='10.0', bound='3.0', crossoverRate='0.75', elitism='0.1', interAttemptRate='2', interMutationRate='0.5', intraMutationRate='0.5', populationSize='50', probBestIndividual='0.7', probReversal='0.75', probSingle='0.25'
1018.5658, 6177.03550295858, 48895.8067, 128, 42.0658, alpha='50', beta='10.0', bound='3.0', crossoverRate='0.75', elitism='0.1', interAttemptRate='2', interMutationRate='0.5', intraMutationRate='0.5', populationSize='50', probBestIndividual='0.7', probReversal='0.75', probSingle='0.25'
1018.7823, 6177.088495575221, 48905.6437, 128, 42.0823, alpha='50', beta='10.0', bound='3.0', crossoverRate='0.75', elitism='0.1', interAttemptRate='2', interMutationRate='0.5', intraMutationRate='0.5', populationSize='50', probBestIndividual='0.7', probReversal='0.75', probSingle='0.25'
1019.0008, 6176.60294117647, 48914.4057, 128, 42.1008, alpha='50', beta='10.0', bound='3.0', crossoverRate='0.75', elitism='0.1', interAttemptRate='2', interMutationRate='0.5', intraMutationRate='0.5', populationSize='50', probBestIndividual='0.7', probReversal='0.75', probSingle='0.25'
1043.1788, 6176.60294117647, 50008.9903, 349, 43.1788, alpha='10', beta='10.0', bound='2.0', crossoverRate='0.75', elitism='0.1', interAttemptRate='2', interMutationRate='0.5', intraMutationRate='0.5', populationSize='50', probBestIndividual='0.7', probReversal='0.75', probSingle='0.33'
1043.1793, 6176.60294117647, 50010.0279, 349, 43.1793, alpha='10', beta='10.0', bound='2.0', crossoverRate='0.75', elitism='0.1', interAttemptRate='2', interMutationRate='0.5', intraMutationRate='0.5', populationSize='50', probBestIndividual='0.7', probReversal='0.75', probSingle='0.33'
