"Total Time","Mean Performance","Wallclock Time","Incumbent ID","Automatic Configurator Time","Configuration..."
0.1003, 100000000, 0.0003, 0, 0.1003, alpha='100', beta='0.001', bound='2.0', crossoverRate='0.6', elitism='0.01', interAttemptRate='10', interMutationRate='0.25', intraMutationRate='0.2', populationSize='400', probBestIndividual='0.8', probReversal='0.33', probSingle='0.33'
0.2012, 891.0, 0.3661, 0, 0.1012, alpha='100', beta='0.001', bound='2.0', crossoverRate='0.6', elitism='0.01', interAttemptRate='10', interMutationRate='0.25', intraMutationRate='0.2', populationSize='400', probBestIndividual='0.8', probReversal='0.33', probSingle='0.33'
1.4146, 891.0, 6.3018, 0, 0.1146, alpha='100', beta='0.001', bound='2.0', crossoverRate='0.6', elitism='0.01', interAttemptRate='10', interMutationRate='0.25', intraMutationRate='0.2', populationSize='400', probBestIndividual='0.8', probReversal='0.33', probSingle='0.33'
1.8189, 891.0, 9.4344, 0, 0.1189, alpha='100', beta='0.001', bound='2.0', crossoverRate='0.6', elitism='0.01', interAttemptRate='10', interMutationRate='0.25', intraMutationRate='0.2', populationSize='400', probBestIndividual='0.8', probReversal='0.33', probSingle='0.33'
2.3243, 891.0, 12.2919, 0, 0.1243, alpha='100', beta='0.001', bound='2.0', crossoverRate='0.6', elitism='0.01', interAttemptRate='10', interMutationRate='0.25', intraMutationRate='0.2', populationSize='400', probBestIndividual='0.8', probReversal='0.33', probSingle='0.33'
2.9306, 891.0, 15.9530, 0, 0.1306, alpha='100', beta='0.001', bound='2.0', crossoverRate='0.6', elitism='0.01', interAttemptRate='10', interMutationRate='0.25', intraMutationRate='0.2', populationSize='400', probBestIndividual='0.8', probReversal='0.33', probSingle='0.33'
3.7388, 891.0, 19.3675, 0, 0.1388, alpha='100', beta='0.001', bound='2.0', crossoverRate='0.6', elitism='0.01', interAttemptRate='10', interMutationRate='0.25', intraMutationRate='0.2', populationSize='400', probBestIndividual='0.8', probReversal='0.33', probSingle='0.33'
3.9412, 891.0, 20.5142, 0, 0.1412, alpha='100', beta='0.001', bound='2.0', crossoverRate='0.6', elitism='0.01', interAttemptRate='10', interMutationRate='0.25', intraMutationRate='0.2', populationSize='400', probBestIndividual='0.8', probReversal='0.33', probSingle='0.33'
4.8504, 891.0, 25.1474, 0, 0.1504, alpha='100', beta='0.001', bound='2.0', crossoverRate='0.6', elitism='0.01', interAttemptRate='10', interMutationRate='0.25', intraMutationRate='0.2', populationSize='400', probBestIndividual='0.8', probReversal='0.33', probSingle='0.33'
5.8609, 891.0, 30.3660, 0, 0.1609, alpha='100', beta='0.001', bound='2.0', crossoverRate='0.6', elitism='0.01', interAttemptRate='10', interMutationRate='0.25', intraMutationRate='0.2', populationSize='400', probBestIndividual='0.8', probReversal='0.33', probSingle='0.33'
6.9746, 891.0, 36.0892, 0, 0.1746, alpha='100', beta='0.001', bound='2.0', crossoverRate='0.6', elitism='0.01', interAttemptRate='10', interMutationRate='0.25', intraMutationRate='0.2', populationSize='400', probBestIndividual='0.8', probReversal='0.33', probSingle='0.33'
8.1877, 891.0, 42.8991, 0, 0.1878, alpha='100', beta='0.001', bound='2.0', crossoverRate='0.6', elitism='0.01', interAttemptRate='10', interMutationRate='0.25', intraMutationRate='0.2', populationSize='400', probBestIndividual='0.8', probReversal='0.33', probSingle='0.33'
9.5024, 891.0, 48.5075, 0, 0.2024, alpha='100', beta='0.001', bound='2.0', crossoverRate='0.6', elitism='0.01', interAttemptRate='10', interMutationRate='0.25', intraMutationRate='0.2', populationSize='400', probBestIndividual='0.8', probReversal='0.33', probSingle='0.33'
12.5343, 891.0, 62.0671, 0, 0.2343, alpha='100', beta='0.001', bound='2.0', crossoverRate='0.6', elitism='0.01', interAttemptRate='10', interMutationRate='0.25', intraMutationRate='0.2', populationSize='400', probBestIndividual='0.8', probReversal='0.33', probSingle='0.33'
12.7370, 891.0, 62.7760, 0, 0.2370, alpha='100', beta='0.001', bound='2.0', crossoverRate='0.6', elitism='0.01', interAttemptRate='10', interMutationRate='0.25', intraMutationRate='0.2', populationSize='400', probBestIndividual='0.8', probReversal='0.33', probSingle='0.33'
12.9400, 891.0, 63.7269, 0, 0.2400, alpha='100', beta='0.001', bound='2.0', crossoverRate='0.6', elitism='0.01', interAttemptRate='10', interMutationRate='0.25', intraMutationRate='0.2', populationSize='400', probBestIndividual='0.8', probReversal='0.33', probSingle='0.33'
14.6603, 891.0, 72.0386, 0, 0.2603, alpha='100', beta='0.001', bound='2.0', crossoverRate='0.6', elitism='0.01', interAttemptRate='10', interMutationRate='0.25', intraMutationRate='0.2', populationSize='400', probBestIndividual='0.8', probReversal='0.33', probSingle='0.33'
16.4819, 891.0, 81.5554, 0, 0.2819, alpha='100', beta='0.001', bound='2.0', crossoverRate='0.6', elitism='0.01', interAttemptRate='10', interMutationRate='0.25', intraMutationRate='0.2', populationSize='400', probBestIndividual='0.8', probReversal='0.33', probSingle='0.33'
18.4058, 891.0, 93.2879, 0, 0.3058, alpha='100', beta='0.001', bound='2.0', crossoverRate='0.6', elitism='0.01', interAttemptRate='10', interMutationRate='0.25', intraMutationRate='0.2', populationSize='400', probBestIndividual='0.8', probReversal='0.33', probSingle='0.33'
20.4306, 891.0, 104.9372, 0, 0.3306, alpha='100', beta='0.001', bound='2.0', crossoverRate='0.6', elitism='0.01', interAttemptRate='10', interMutationRate='0.25', intraMutationRate='0.2', populationSize='400', probBestIndividual='0.8', probReversal='0.33', probSingle='0.33'
22.5568, 891.0, 115.4739, 0, 0.3568, alpha='100', beta='0.001', bound='2.0', crossoverRate='0.6', elitism='0.01', interAttemptRate='10', interMutationRate='0.25', intraMutationRate='0.2', populationSize='400', probBestIndividual='0.8', probReversal='0.33', probSingle='0.33'
24.7857, 891.0, 129.9459, 0, 0.3857, alpha='100', beta='0.001', bound='2.0', crossoverRate='0.6', elitism='0.01', interAttemptRate='10', interMutationRate='0.25', intraMutationRate='0.2', populationSize='400', probBestIndividual='0.8', probReversal='0.33', probSingle='0.33'
27.1146, 891.0, 139.0872, 0, 0.4146, alpha='100', beta='0.001', bound='2.0', crossoverRate='0.6', elitism='0.01', interAttemptRate='10', interMutationRate='0.25', intraMutationRate='0.2', populationSize='400', probBestIndividual='0.8', probReversal='0.33', probSingle='0.33'
29.8495, 891.0, 151.0378, 0, 0.4495, alpha='100', beta='0.001', bound='2.0', crossoverRate='0.6', elitism='0.01', interAttemptRate='10', interMutationRate='0.25', intraMutationRate='0.2', populationSize='400', probBestIndividual='0.8', probReversal='0.33', probSingle='0.33'
30.0530, 891.0, 152.0262, 0, 0.4530, alpha='100', beta='0.001', bound='2.0', crossoverRate='0.6', elitism='0.01', interAttemptRate='10', interMutationRate='0.25', intraMutationRate='0.2', populationSize='400', probBestIndividual='0.8', probReversal='0.33', probSingle='0.33'
34.6110, 891.0, 172.7549, 0, 0.5110, alpha='100', beta='0.001', bound='2.0', crossoverRate='0.6', elitism='0.01', interAttemptRate='10', interMutationRate='0.25', intraMutationRate='0.2', populationSize='400', probBestIndividual='0.8', probReversal='0.33', probSingle='0.33'
34.8147, 891.0, 173.4543, 0, 0.5147, alpha='100', beta='0.001', bound='2.0', crossoverRate='0.6', elitism='0.01', interAttemptRate='10', interMutationRate='0.25', intraMutationRate='0.2', populationSize='400', probBestIndividual='0.8', probReversal='0.33', probSingle='0.33'
37.6536, 891.0, 187.3150, 0, 0.5536, alpha='100', beta='0.001', bound='2.0', crossoverRate='0.6', elitism='0.01', interAttemptRate='10', interMutationRate='0.25', intraMutationRate='0.2', populationSize='400', probBestIndividual='0.8', probReversal='0.33', probSingle='0.33'
42.8178, 891.0, 211.9534, 0, 0.6178, alpha='100', beta='0.001', bound='2.0', crossoverRate='0.6', elitism='0.01', interAttemptRate='10', interMutationRate='0.25', intraMutationRate='0.2', populationSize='400', probBestIndividual='0.8', probReversal='0.33', probSingle='0.33'
43.0217, 891.0, 211.6546, 0, 0.6217, alpha='100', beta='0.001', bound='2.0', crossoverRate='0.6', elitism='0.01', interAttemptRate='10', interMutationRate='0.25', intraMutationRate='0.2', populationSize='400', probBestIndividual='0.8', probReversal='0.33', probSingle='0.33'
43.2257, 891.0, 212.6890, 0, 0.6257, alpha='100', beta='0.001', bound='2.0', crossoverRate='0.6', elitism='0.01', interAttemptRate='10', interMutationRate='0.25', intraMutationRate='0.2', populationSize='400', probBestIndividual='0.8', probReversal='0.33', probSingle='0.33'
46.4720, 891.0, 228.2374, 0, 0.6720, alpha='100', beta='0.001', bound='2.0', crossoverRate='0.6', elitism='0.01', interAttemptRate='10', interMutationRate='0.25', intraMutationRate='0.2', populationSize='400', probBestIndividual='0.8', probReversal='0.33', probSingle='0.33'
50.6291, 891.0, 246.3458, 0, 0.7291, alpha='100', beta='0.001', bound='2.0', crossoverRate='0.6', elitism='0.01', interAttemptRate='10', interMutationRate='0.25', intraMutationRate='0.2', populationSize='400', probBestIndividual='0.8', probReversal='0.33', probSingle='0.33'
50.8333, 891.0, 247.6116, 0, 0.7333, alpha='100', beta='0.001', bound='2.0', crossoverRate='0.6', elitism='0.01', interAttemptRate='10', interMutationRate='0.25', intraMutationRate='0.2', populationSize='400', probBestIndividual='0.8', probReversal='0.33', probSingle='0.33'
54.3853, 891.0, 268.9168, 0, 0.7853, alpha='100', beta='0.001', bound='2.0', crossoverRate='0.6', elitism='0.01', interAttemptRate='10', interMutationRate='0.25', intraMutationRate='0.2', populationSize='400', probBestIndividual='0.8', probReversal='0.33', probSingle='0.33'
58.0402, 891.0, 287.3950, 0, 0.8402, alpha='100', beta='0.001', bound='2.0', crossoverRate='0.6', elitism='0.01', interAttemptRate='10', interMutationRate='0.25', intraMutationRate='0.2', populationSize='400', probBestIndividual='0.8', probReversal='0.33', probSingle='0.33'
61.7972, 891.0, 308.6391, 0, 0.8972, alpha='100', beta='0.001', bound='2.0', crossoverRate='0.6', elitism='0.01', interAttemptRate='10', interMutationRate='0.25', intraMutationRate='0.2', populationSize='400', probBestIndividual='0.8', probReversal='0.33', probSingle='0.33'
65.6566, 891.0, 329.4973, 0, 0.9566, alpha='100', beta='0.001', bound='2.0', crossoverRate='0.6', elitism='0.01', interAttemptRate='10', interMutationRate='0.25', intraMutationRate='0.2', populationSize='400', probBestIndividual='0.8', probReversal='0.33', probSingle='0.33'
69.6189, 891.0, 351.7074, 0, 1.0189, alpha='100', beta='0.001', bound='2.0', crossoverRate='0.6', elitism='0.01', interAttemptRate='10', interMutationRate='0.25', intraMutationRate='0.2', populationSize='400', probBestIndividual='0.8', probReversal='0.33', probSingle='0.33'
73.6853, 891.0, 374.2236, 0, 1.0853, alpha='100', beta='0.001', bound='2.0', crossoverRate='0.6', elitism='0.01', interAttemptRate='10', interMutationRate='0.25', intraMutationRate='0.2', populationSize='400', probBestIndividual='0.8', probReversal='0.33', probSingle='0.33'
77.8548, 891.0, 400.9558, 0, 1.1548, alpha='100', beta='0.001', bound='2.0', crossoverRate='0.6', elitism='0.01', interAttemptRate='10', interMutationRate='0.25', intraMutationRate='0.2', populationSize='400', probBestIndividual='0.8', probReversal='0.33', probSingle='0.33'
82.1221, 891.0, 421.6037, 0, 1.2221, alpha='100', beta='0.001', bound='2.0', crossoverRate='0.6', elitism='0.01', interAttemptRate='10', interMutationRate='0.25', intraMutationRate='0.2', populationSize='400', probBestIndividual='0.8', probReversal='0.33', probSingle='0.33'
86.4877, 891.0, 444.8638, 0, 1.2877, alpha='100', beta='0.001', bound='2.0', crossoverRate='0.6', elitism='0.01', interAttemptRate='10', interMutationRate='0.25', intraMutationRate='0.2', populationSize='400', probBestIndividual='0.8', probReversal='0.33', probSingle='0.33'
90.9589, 891.0, 465.1671, 0, 1.3589, alpha='100', beta='0.001', bound='2.0', crossoverRate='0.6', elitism='0.01', interAttemptRate='10', interMutationRate='0.25', intraMutationRate='0.2', populationSize='400', probBestIndividual='0.8', probReversal='0.33', probSingle='0.33'
95.5330, 891.0, 489.0955, 0, 1.4330, alpha='100', beta='0.001', bound='2.0', crossoverRate='0.6', elitism='0.01', interAttemptRate='10', interMutationRate='0.25', intraMutationRate='0.2', populationSize='400', probBestIndividual='0.8', probReversal='0.33', probSingle='0.33'
100.2111, 891.0, 510.6534, 0, 1.5111, alpha='100', beta='0.001', bound='2.0', crossoverRate='0.6', elitism='0.01', interAttemptRate='10', interMutationRate='0.25', intraMutationRate='0.2', populationSize='400', probBestIndividual='0.8', probReversal='0.33', probSingle='0.33'
104.9888, 891.0, 532.6397, 0, 1.5888, alpha='100', beta='0.001', bound='2.0', crossoverRate='0.6', elitism='0.01', interAttemptRate='10', interMutationRate='0.25', intraMutationRate='0.2', populationSize='400', probBestIndividual='0.8', probReversal='0.33', probSingle='0.33'
109.8709, 891.0, 557.6326, 0, 1.6709, alpha='100', beta='0.001', bound='2.0', crossoverRate='0.6', elitism='0.01', interAttemptRate='10', interMutationRate='0.25', intraMutationRate='0.2', populationSize='400', probBestIndividual='0.8', probReversal='0.33', probSingle='0.33'
114.8522, 891.0, 579.9177, 0, 1.7522, alpha='100', beta='0.001', bound='2.0', crossoverRate='0.6', elitism='0.01', interAttemptRate='10', interMutationRate='0.25', intraMutationRate='0.2', populationSize='400', probBestIndividual='0.8', probReversal='0.33', probSingle='0.33'
119.9379, 891.0, 602.3999, 0, 1.8379, alpha='100', beta='0.001', bound='2.0', crossoverRate='0.6', elitism='0.01', interAttemptRate='10', interMutationRate='0.25', intraMutationRate='0.2', populationSize='400', probBestIndividual='0.8', probReversal='0.33', probSingle='0.33'
125.1271, 891.0, 624.7932, 0, 1.9271, alpha='100', beta='0.001', bound='2.0', crossoverRate='0.6', elitism='0.01', interAttemptRate='10', interMutationRate='0.25', intraMutationRate='0.2', populationSize='400', probBestIndividual='0.8', probReversal='0.33', probSingle='0.33'
130.4196, 891.0, 648.1090, 0, 2.0196, alpha='100', beta='0.001', bound='2.0', crossoverRate='0.6', elitism='0.01', interAttemptRate='10', interMutationRate='0.25', intraMutationRate='0.2', populationSize='400', probBestIndividual='0.8', probReversal='0.33', probSingle='0.33'
135.8142, 891.0, 671.5783, 0, 2.1142, alpha='100', beta='0.001', bound='2.0', crossoverRate='0.6', elitism='0.01', interAttemptRate='10', interMutationRate='0.25', intraMutationRate='0.2', populationSize='400', probBestIndividual='0.8', probReversal='0.33', probSingle='0.33'
141.3111, 891.0, 696.0451, 0, 2.2111, alpha='100', beta='0.001', bound='2.0', crossoverRate='0.6', elitism='0.01', interAttemptRate='10', interMutationRate='0.25', intraMutationRate='0.2', populationSize='400', probBestIndividual='0.8', probReversal='0.33', probSingle='0.33'
146.9098, 891.0, 721.5212, 0, 2.3098, alpha='100', beta='0.001', bound='2.0', crossoverRate='0.6', elitism='0.01', interAttemptRate='10', interMutationRate='0.25', intraMutationRate='0.2', populationSize='400', probBestIndividual='0.8', probReversal='0.33', probSingle='0.33'
152.6152, 891.0, 748.2787, 0, 2.4152, alpha='100', beta='0.001', bound='2.0', crossoverRate='0.6', elitism='0.01', interAttemptRate='10', interMutationRate='0.25', intraMutationRate='0.2', populationSize='400', probBestIndividual='0.8', probReversal='0.33', probSingle='0.33'
164.4970, 891.0, 802.7278, 0, 2.5970, alpha='100', beta='0.001', bound='2.0', crossoverRate='0.6', elitism='0.01', interAttemptRate='10', interMutationRate='0.25', intraMutationRate='0.2', populationSize='400', probBestIndividual='0.8', probReversal='0.33', probSingle='0.33'
164.7028, 891.0, 803.6372, 0, 2.6028, alpha='100', beta='0.001', bound='2.0', crossoverRate='0.6', elitism='0.01', interAttemptRate='10', interMutationRate='0.25', intraMutationRate='0.2', populationSize='400', probBestIndividual='0.8', probReversal='0.33', probSingle='0.33'
164.9091, 891.0, 804.6579, 0, 2.6091, alpha='100', beta='0.001', bound='2.0', crossoverRate='0.6', elitism='0.01', interAttemptRate='10', interMutationRate='0.25', intraMutationRate='0.2', populationSize='400', probBestIndividual='0.8', probReversal='0.33', probSingle='0.33'
165.1150, 891.0, 805.3806, 0, 2.6150, alpha='100', beta='0.001', bound='2.0', crossoverRate='0.6', elitism='0.01', interAttemptRate='10', interMutationRate='0.25', intraMutationRate='0.2', populationSize='400', probBestIndividual='0.8', probReversal='0.33', probSingle='0.33'
174.0728, 891.0, 848.3625, 0, 2.7728, alpha='100', beta='0.001', bound='2.0', crossoverRate='0.6', elitism='0.01', interAttemptRate='10', interMutationRate='0.25', intraMutationRate='0.2', populationSize='400', probBestIndividual='0.8', probReversal='0.33', probSingle='0.33'
174.2777, 891.0, 849.7271, 0, 2.7777, alpha='100', beta='0.001', bound='2.0', crossoverRate='0.6', elitism='0.01', interAttemptRate='10', interMutationRate='0.25', intraMutationRate='0.2', populationSize='400', probBestIndividual='0.8', probReversal='0.33', probSingle='0.33'
180.7030, 891.0, 880.2675, 0, 2.9030, alpha='100', beta='0.001', bound='2.0', crossoverRate='0.6', elitism='0.01', interAttemptRate='10', interMutationRate='0.25', intraMutationRate='0.2', populationSize='400', probBestIndividual='0.8', probReversal='0.33', probSingle='0.33'
192.2223, 891.0, 931.8940, 0, 3.1223, alpha='100', beta='0.001', bound='2.0', crossoverRate='0.6', elitism='0.01', interAttemptRate='10', interMutationRate='0.25', intraMutationRate='0.2', populationSize='400', probBestIndividual='0.8', probReversal='0.33', probSingle='0.33'
192.4285, 891.0, 931.5539, 0, 3.1285, alpha='100', beta='0.001', bound='2.0', crossoverRate='0.6', elitism='0.01', interAttemptRate='10', interMutationRate='0.25', intraMutationRate='0.2', populationSize='400', probBestIndividual='0.8', probReversal='0.33', probSingle='0.33'
199.1621, 891.0, 958.1984, 0, 3.2621, alpha='100', beta='0.001', bound='2.0', crossoverRate='0.6', elitism='0.01', interAttemptRate='10', interMutationRate='0.25', intraMutationRate='0.2', populationSize='400', probBestIndividual='0.8', probReversal='0.33', probSingle='0.33'
205.9977, 891.0, 988.2685, 0, 3.3977, alpha='100', beta='0.001', bound='2.0', crossoverRate='0.6', elitism='0.01', interAttemptRate='10', interMutationRate='0.25', intraMutationRate='0.2', populationSize='400', probBestIndividual='0.8', probReversal='0.33', probSingle='0.33'
212.9362, 891.0, 1015.3990, 0, 3.5362, alpha='100', beta='0.001', bound='2.0', crossoverRate='0.6', elitism='0.01', interAttemptRate='10', interMutationRate='0.25', intraMutationRate='0.2', populationSize='400', probBestIndividual='0.8', probReversal='0.33', probSingle='0.33'
219.9799, 891.0, 1044.7342, 0, 3.6799, alpha='100', beta='0.001', bound='2.0', crossoverRate='0.6', elitism='0.01', interAttemptRate='10', interMutationRate='0.25', intraMutationRate='0.2', populationSize='400', probBestIndividual='0.8', probReversal='0.33', probSingle='0.33'
227.1222, 891.0, 1076.2312, 0, 3.8222, alpha='100', beta='0.001', bound='2.0', crossoverRate='0.6', elitism='0.01', interAttemptRate='10', interMutationRate='0.25', intraMutationRate='0.2', populationSize='400', probBestIndividual='0.8', probReversal='0.33', probSingle='0.33'
234.3709, 891.0, 1105.0105, 0, 3.9709, alpha='100', beta='0.001', bound='2.0', crossoverRate='0.6', elitism='0.01', interAttemptRate='10', interMutationRate='0.25', intraMutationRate='0.2', populationSize='400', probBestIndividual='0.8', probReversal='0.33', probSingle='0.33'
241.7251, 891.0, 1139.5233, 0, 4.1251, alpha='100', beta='0.001', bound='2.0', crossoverRate='0.6', elitism='0.01', interAttemptRate='10', interMutationRate='0.25', intraMutationRate='0.2', populationSize='400', probBestIndividual='0.8', probReversal='0.33', probSingle='0.33'
249.1792, 891.0, 1176.7350, 0, 4.2792, alpha='100', beta='0.001', bound='2.0', crossoverRate='0.6', elitism='0.01', interAttemptRate='10', interMutationRate='0.25', intraMutationRate='0.2', populationSize='400', probBestIndividual='0.8', probReversal='0.33', probSingle='0.33'
256.7402, 891.0, 1214.5925, 0, 4.4402, alpha='100', beta='0.001', bound='2.0', crossoverRate='0.6', elitism='0.01', interAttemptRate='10', interMutationRate='0.25', intraMutationRate='0.2', populationSize='400', probBestIndividual='0.8', probReversal='0.33', probSingle='0.33'
265.6170, 891.0, 1256.1227, 0, 4.6170, alpha='100', beta='0.001', bound='2.0', crossoverRate='0.6', elitism='0.01', interAttemptRate='10', interMutationRate='0.25', intraMutationRate='0.2', populationSize='400', probBestIndividual='0.8', probReversal='0.33', probSingle='0.33'
265.8238, 891.0, 1257.6032, 0, 4.6238, alpha='100', beta='0.001', bound='2.0', crossoverRate='0.6', elitism='0.01', interAttemptRate='10', interMutationRate='0.25', intraMutationRate='0.2', populationSize='400', probBestIndividual='0.8', probReversal='0.33', probSingle='0.33'
273.6944, 891.0, 1297.7813, 0, 4.7944, alpha='100', beta='0.001', bound='2.0', crossoverRate='0.6', elitism='0.01', interAttemptRate='10', interMutationRate='0.25', intraMutationRate='0.2', populationSize='400', probBestIndividual='0.8', probReversal='0.33', probSingle='0.33'
281.6723, 891.0, 1337.1915, 0, 4.9723, alpha='100', beta='0.001', bound='2.0', crossoverRate='0.6', elitism='0.01', interAttemptRate='10', interMutationRate='0.25', intraMutationRate='0.2', populationSize='400', probBestIndividual='0.8', probReversal='0.33', probSingle='0.33'
289.7489, 891.0, 1372.5291, 0, 5.1489, alpha='100', beta='0.001', bound='2.0', crossoverRate='0.6', elitism='0.01', interAttemptRate='10', interMutationRate='0.25', intraMutationRate='0.2', populationSize='400', probBestIndividual='0.8', probReversal='0.33', probSingle='0.33'
297.9333, 891.0, 1408.4896, 0, 5.3333, alpha='100', beta='0.001', bound='2.0', crossoverRate='0.6', elitism='0.01', interAttemptRate='10', interMutationRate='0.25', intraMutationRate='0.2', populationSize='400', probBestIndividual='0.8', probReversal='0.33', probSingle='0.33'
306.2224, 891.0, 1439.6295, 0, 5.5224, alpha='100', beta='0.001', bound='2.0', crossoverRate='0.6', elitism='0.01', interAttemptRate='10', interMutationRate='0.25', intraMutationRate='0.2', populationSize='400', probBestIndividual='0.8', probReversal='0.33', probSingle='0.33'
314.6104, 891.0, 1473.7891, 0, 5.7104, alpha='100', beta='0.001', bound='2.0', crossoverRate='0.6', elitism='0.01', interAttemptRate='10', interMutationRate='0.25', intraMutationRate='0.2', populationSize='400', probBestIndividual='0.8', probReversal='0.33', probSingle='0.33'
323.1044, 891.0, 1509.7896, 0, 5.9044, alpha='100', beta='0.001', bound='2.0', crossoverRate='0.6', elitism='0.01', interAttemptRate='10', interMutationRate='0.25', intraMutationRate='0.2', populationSize='400', probBestIndividual='0.8', probReversal='0.33', probSingle='0.33'
331.7092, 891.0, 1548.1883, 0, 6.1092, alpha='100', beta='0.001', bound='2.0', crossoverRate='0.6', elitism='0.01', interAttemptRate='10', interMutationRate='0.25', intraMutationRate='0.2', populationSize='400', probBestIndividual='0.8', probReversal='0.33', probSingle='0.33'
340.4099, 891.0, 1584.7780, 0, 6.3099, alpha='100', beta='0.001', bound='2.0', crossoverRate='0.6', elitism='0.01', interAttemptRate='10', interMutationRate='0.25', intraMutationRate='0.2', populationSize='400', probBestIndividual='0.8', probReversal='0.33', probSingle='0.33'
349.2081, 891.0, 1620.6244, 0, 6.5081, alpha='100', beta='0.001', bound='2.0', crossoverRate='0.6', elitism='0.01', interAttemptRate='10', interMutationRate='0.25', intraMutationRate='0.2', populationSize='400', probBestIndividual='0.8', probReversal='0.33', probSingle='0.33'
358.1157, 891.0, 1660.7728, 0, 6.7157, alpha='100', beta='0.001', bound='2.0', crossoverRate='0.6', elitism='0.01', interAttemptRate='10', interMutationRate='0.25', intraMutationRate='0.2', populationSize='400', probBestIndividual='0.8', probReversal='0.33', probSingle='0.33'
367.1417, 891.0, 1703.9897, 0, 6.9417, alpha='100', beta='0.001', bound='2.0', crossoverRate='0.6', elitism='0.01', interAttemptRate='10', interMutationRate='0.25', intraMutationRate='0.2', populationSize='400', probBestIndividual='0.8', probReversal='0.33', probSingle='0.33'
376.2671, 891.0, 1743.0627, 0, 7.1671, alpha='100', beta='0.001', bound='2.0', crossoverRate='0.6', elitism='0.01', interAttemptRate='10', interMutationRate='0.25', intraMutationRate='0.2', populationSize='400', probBestIndividual='0.8', probReversal='0.33', probSingle='0.33'
385.4790, 891.0, 1784.0495, 0, 7.3790, alpha='100', beta='0.001', bound='2.0', crossoverRate='0.6', elitism='0.01', interAttemptRate='10', interMutationRate='0.25', intraMutationRate='0.2', populationSize='400', probBestIndividual='0.8', probReversal='0.33', probSingle='0.33'
394.7988, 891.0, 1826.7132, 0, 7.5988, alpha='100', beta='0.001', bound='2.0', crossoverRate='0.6', elitism='0.01', interAttemptRate='10', interMutationRate='0.25', intraMutationRate='0.2', populationSize='400', probBestIndividual='0.8', probReversal='0.33', probSingle='0.33'
404.2252, 891.0, 1866.7027, 0, 7.8252, alpha='100', beta='0.001', bound='2.0', crossoverRate='0.6', elitism='0.01', interAttemptRate='10', interMutationRate='0.25', intraMutationRate='0.2', populationSize='400', probBestIndividual='0.8', probReversal='0.33', probSingle='0.33'
413.7470, 891.0, 1909.0810, 0, 8.0470, alpha='100', beta='0.001', bound='2.0', crossoverRate='0.6', elitism='0.01', interAttemptRate='10', interMutationRate='0.25', intraMutationRate='0.2', populationSize='400', probBestIndividual='0.8', probReversal='0.33', probSingle='0.33'
424.6905, 891.0, 1954.6586, 0, 8.2905, alpha='100', beta='0.001', bound='2.0', crossoverRate='0.6', elitism='0.01', interAttemptRate='10', interMutationRate='0.25', intraMutationRate='0.2', populationSize='400', probBestIndividual='0.8', probReversal='0.33', probSingle='0.33'
424.8968, 891.0, 1955.3501, 0, 8.2968, alpha='100', beta='0.001', bound='2.0', crossoverRate='0.6', elitism='0.01', interAttemptRate='10', interMutationRate='0.25', intraMutationRate='0.2', populationSize='400', probBestIndividual='0.8', probReversal='0.33', probSingle='0.33'
450.3522, 891.0, 2069.1090, 0, 8.8522, alpha='100', beta='0.001', bound='2.0', crossoverRate='0.6', elitism='0.01', interAttemptRate='10', interMutationRate='0.25', intraMutationRate='0.2', populationSize='400', probBestIndividual='0.8', probReversal='0.33', probSingle='0.33'
450.5604, 891.0, 2069.8041, 0, 8.8604, alpha='100', beta='0.001', bound='2.0', crossoverRate='0.6', elitism='0.01', interAttemptRate='10', interMutationRate='0.25', intraMutationRate='0.2', populationSize='400', probBestIndividual='0.8', probReversal='0.33', probSingle='0.33'
450.7689, 891.0, 2071.8221, 0, 8.8689, alpha='100', beta='0.001', bound='2.0', crossoverRate='0.6', elitism='0.01', interAttemptRate='10', interMutationRate='0.25', intraMutationRate='0.2', populationSize='400', probBestIndividual='0.8', probReversal='0.33', probSingle='0.33'
450.9756, 891.0, 2072.9446, 0, 8.8756, alpha='100', beta='0.001', bound='2.0', crossoverRate='0.6', elitism='0.01', interAttemptRate='10', interMutationRate='0.25', intraMutationRate='0.2', populationSize='400', probBestIndividual='0.8', probReversal='0.33', probSingle='0.33'
461.2321, 891.0, 2112.2867, 0, 9.1321, alpha='100', beta='0.001', bound='2.0', crossoverRate='0.6', elitism='0.01', interAttemptRate='10', interMutationRate='0.25', intraMutationRate='0.2', populationSize='400', probBestIndividual='0.8', probReversal='0.33', probSingle='0.33'
471.5892, 891.0, 2158.3658, 0, 9.3892, alpha='100', beta='0.001', bound='2.0', crossoverRate='0.6', elitism='0.01', interAttemptRate='10', interMutationRate='0.25', intraMutationRate='0.2', populationSize='400', probBestIndividual='0.8', probReversal='0.33', probSingle='0.33'
482.0555, 891.0, 2200.1751, 0, 9.6555, alpha='100', beta='0.001', bound='2.0', crossoverRate='0.6', elitism='0.01', interAttemptRate='10', interMutationRate='0.25', intraMutationRate='0.2', populationSize='400', probBestIndividual='0.8', probReversal='0.33', probSingle='0.33'
492.6221, 891.0, 2246.9738, 0, 9.9221, alpha='100', beta='0.001', bound='2.0', crossoverRate='0.6', elitism='0.01', interAttemptRate='10', interMutationRate='0.25', intraMutationRate='0.2', populationSize='400', probBestIndividual='0.8', probReversal='0.33', probSingle='0.33'
503.3012, 891.0, 2293.4062, 0, 10.2012, alpha='100', beta='0.001', bound='2.0', crossoverRate='0.6', elitism='0.01', interAttemptRate='10', interMutationRate='0.25', intraMutationRate='0.2', populationSize='400', probBestIndividual='0.8', probReversal='0.33', probSingle='0.33'
514.0702, 891.0, 2337.6144, 0, 10.4702, alpha='100', beta='0.001', bound='2.0', crossoverRate='0.6', elitism='0.01', interAttemptRate='10', interMutationRate='0.25', intraMutationRate='0.2', populationSize='400', probBestIndividual='0.8', probReversal='0.33', probSingle='0.33'
524.9529, 891.0, 2382.5454, 0, 10.7529, alpha='100', beta='0.001', bound='2.0', crossoverRate='0.6', elitism='0.01', interAttemptRate='10', interMutationRate='0.25', intraMutationRate='0.2', populationSize='400', probBestIndividual='0.8', probReversal='0.33', probSingle='0.33'
535.9383, 891.0, 2443.8162, 0, 11.0383, alpha='100', beta='0.001', bound='2.0', crossoverRate='0.6', elitism='0.01', interAttemptRate='10', interMutationRate='0.25', intraMutationRate='0.2', populationSize='400', probBestIndividual='0.8', probReversal='0.33', probSingle='0.33'
549.4566, 891.0, 2510.0105, 0, 11.3566, alpha='100', beta='0.001', bound='2.0', crossoverRate='0.6', elitism='0.01', interAttemptRate='10', interMutationRate='0.25', intraMutationRate='0.2', populationSize='400', probBestIndividual='0.8', probReversal='0.33', probSingle='0.33'
549.6658, 891.0, 2510.7977, 0, 11.3658, alpha='100', beta='0.001', bound='2.0', crossoverRate='0.6', elitism='0.01', interAttemptRate='10', interMutationRate='0.25', intraMutationRate='0.2', populationSize='400', probBestIndividual='0.8', probReversal='0.33', probSingle='0.33'
560.9694, 891.0, 2569.0579, 0, 11.6694, alpha='100', beta='0.001', bound='2.0', crossoverRate='0.6', elitism='0.01', interAttemptRate='10', interMutationRate='0.25', intraMutationRate='0.2', populationSize='400', probBestIndividual='0.8', probReversal='0.33', probSingle='0.33'
572.3737, 891.0, 2627.0404, 0, 11.9736, alpha='100', beta='0.001', bound='2.0', crossoverRate='0.6', elitism='0.01', interAttemptRate='10', interMutationRate='0.25', intraMutationRate='0.2', populationSize='400', probBestIndividual='0.8', probReversal='0.33', probSingle='0.33'
583.8809, 891.0, 2685.4095, 0, 12.2809, alpha='100', beta='0.001', bound='2.0', crossoverRate='0.6', elitism='0.01', interAttemptRate='10', interMutationRate='0.25', intraMutationRate='0.2', populationSize='400', probBestIndividual='0.8', probReversal='0.33', probSingle='0.33'
595.4944, 891.0, 2740.4336, 0, 12.5944, alpha='100', beta='0.001', bound='2.0', crossoverRate='0.6', elitism='0.01', interAttemptRate='10', interMutationRate='0.25', intraMutationRate='0.2', populationSize='400', probBestIndividual='0.8', probReversal='0.33', probSingle='0.33'
607.2167, 891.0, 2796.8040, 0, 12.9167, alpha='100', beta='0.001', bound='2.0', crossoverRate='0.6', elitism='0.01', interAttemptRate='10', interMutationRate='0.25', intraMutationRate='0.2', populationSize='400', probBestIndividual='0.8', probReversal='0.33', probSingle='0.33'
619.0475, 891.0, 2860.0627, 0, 13.2475, alpha='100', beta='0.001', bound='2.0', crossoverRate='0.6', elitism='0.01', interAttemptRate='10', interMutationRate='0.25', intraMutationRate='0.2', populationSize='400', probBestIndividual='0.8', probReversal='0.33', probSingle='0.33'
630.9849, 891.0, 2922.3877, 0, 13.5849, alpha='100', beta='0.001', bound='2.0', crossoverRate='0.6', elitism='0.01', interAttemptRate='10', interMutationRate='0.25', intraMutationRate='0.2', populationSize='400', probBestIndividual='0.8', probReversal='0.33', probSingle='0.33'
643.0192, 891.0, 3004.7904, 0, 13.9192, alpha='100', beta='0.001', bound='2.0', crossoverRate='0.6', elitism='0.01', interAttemptRate='10', interMutationRate='0.25', intraMutationRate='0.2', populationSize='400', probBestIndividual='0.8', probReversal='0.33', probSingle='0.33'
655.1478, 891.0, 3090.6725, 0, 14.2478, alpha='100', beta='0.001', bound='2.0', crossoverRate='0.6', elitism='0.01', interAttemptRate='10', interMutationRate='0.25', intraMutationRate='0.2', populationSize='400', probBestIndividual='0.8', probReversal='0.33', probSingle='0.33'
667.3992, 891.0, 3177.8432, 0, 14.5992, alpha='100', beta='0.001', bound='2.0', crossoverRate='0.6', elitism='0.01', interAttemptRate='10', interMutationRate='0.25', intraMutationRate='0.2', populationSize='400', probBestIndividual='0.8', probReversal='0.33', probSingle='0.33'
679.7534, 891.0, 3267.0588, 0, 14.9534, alpha='100', beta='0.001', bound='2.0', crossoverRate='0.6', elitism='0.01', interAttemptRate='10', interMutationRate='0.25', intraMutationRate='0.2', populationSize='400', probBestIndividual='0.8', probReversal='0.33', probSingle='0.33'
692.2019, 891.0, 3344.9984, 0, 15.3019, alpha='100', beta='0.001', bound='2.0', crossoverRate='0.6', elitism='0.01', interAttemptRate='10', interMutationRate='0.25', intraMutationRate='0.2', populationSize='400', probBestIndividual='0.8', probReversal='0.33', probSingle='0.33'
704.7513, 891.0, 3423.8491, 0, 15.6513, alpha='100', beta='0.001', bound='2.0', crossoverRate='0.6', elitism='0.01', interAttemptRate='10', interMutationRate='0.25', intraMutationRate='0.2', populationSize='400', probBestIndividual='0.8', probReversal='0.33', probSingle='0.33'
717.4107, 891.0, 3500.5628, 0, 16.0107, alpha='100', beta='0.001', bound='2.0', crossoverRate='0.6', elitism='0.01', interAttemptRate='10', interMutationRate='0.25', intraMutationRate='0.2', populationSize='400', probBestIndividual='0.8', probReversal='0.33', probSingle='0.33'
730.1683, 891.0, 3577.0927, 0, 16.3683, alpha='100', beta='0.001', bound='2.0', crossoverRate='0.6', elitism='0.01', interAttemptRate='10', interMutationRate='0.25', intraMutationRate='0.2', populationSize='400', probBestIndividual='0.8', probReversal='0.33', probSingle='0.33'
744.3577, 891.0, 3666.1145, 0, 16.7577, alpha='100', beta='0.001', bound='2.0', crossoverRate='0.6', elitism='0.01', interAttemptRate='10', interMutationRate='0.25', intraMutationRate='0.2', populationSize='400', probBestIndividual='0.8', probReversal='0.33', probSingle='0.33'
744.5686, 891.0, 3667.5658, 0, 16.7686, alpha='100', beta='0.001', bound='2.0', crossoverRate='0.6', elitism='0.01', interAttemptRate='10', interMutationRate='0.25', intraMutationRate='0.2', populationSize='400', probBestIndividual='0.8', probReversal='0.33', probSingle='0.33'
758.4524, 891.0, 3767.2235, 0, 17.1524, alpha='100', beta='0.001', bound='2.0', crossoverRate='0.6', elitism='0.01', interAttemptRate='10', interMutationRate='0.25', intraMutationRate='0.2', populationSize='400', probBestIndividual='0.8', probReversal='0.33', probSingle='0.33'
758.6624, 891.0, 3768.4717, 0, 17.1624, alpha='100', beta='0.001', bound='2.0', crossoverRate='0.6', elitism='0.01', interAttemptRate='10', interMutationRate='0.25', intraMutationRate='0.2', populationSize='400', probBestIndividual='0.8', probReversal='0.33', probSingle='0.33'
771.9605, 891.0, 3863.0684, 0, 17.5605, alpha='100', beta='0.001', bound='2.0', crossoverRate='0.6', elitism='0.01', interAttemptRate='10', interMutationRate='0.25', intraMutationRate='0.2', populationSize='400', probBestIndividual='0.8', probReversal='0.33', probSingle='0.33'
785.3579, 891.0, 3960.0814, 0, 17.9579, alpha='100', beta='0.001', bound='2.0', crossoverRate='0.6', elitism='0.01', interAttemptRate='10', interMutationRate='0.25', intraMutationRate='0.2', populationSize='400', probBestIndividual='0.8', probReversal='0.33', probSingle='0.33'
798.8699, 891.0, 4053.5296, 0, 18.3699, alpha='100', beta='0.001', bound='2.0', crossoverRate='0.6', elitism='0.01', interAttemptRate='10', interMutationRate='0.25', intraMutationRate='0.2', populationSize='400', probBestIndividual='0.8', probReversal='0.33', probSingle='0.33'
812.4853, 891.0, 4140.1842, 0, 18.7853, alpha='100', beta='0.001', bound='2.0', crossoverRate='0.6', elitism='0.01', interAttemptRate='10', interMutationRate='0.25', intraMutationRate='0.2', populationSize='400', probBestIndividual='0.8', probReversal='0.33', probSingle='0.33'
826.2061, 891.0, 4223.7332, 0, 19.2061, alpha='100', beta='0.001', bound='2.0', crossoverRate='0.6', elitism='0.01', interAttemptRate='10', interMutationRate='0.25', intraMutationRate='0.2', populationSize='400', probBestIndividual='0.8', probReversal='0.33', probSingle='0.33'
840.0333, 891.0, 4305.7181, 0, 19.6333, alpha='100', beta='0.001', bound='2.0', crossoverRate='0.6', elitism='0.01', interAttemptRate='10', interMutationRate='0.25', intraMutationRate='0.2', populationSize='400', probBestIndividual='0.8', probReversal='0.33', probSingle='0.33'
856.0906, 891.0, 4393.4973, 0, 20.0906, alpha='100', beta='0.001', bound='2.0', crossoverRate='0.6', elitism='0.01', interAttemptRate='10', interMutationRate='0.25', intraMutationRate='0.2', populationSize='400', probBestIndividual='0.8', probReversal='0.33', probSingle='0.33'
856.3013, 891.0, 4394.5733, 0, 20.1013, alpha='100', beta='0.001', bound='2.0', crossoverRate='0.6', elitism='0.01', interAttemptRate='10', interMutationRate='0.25', intraMutationRate='0.2', populationSize='400', probBestIndividual='0.8', probReversal='0.33', probSingle='0.33'
870.4312, 891.0, 4477.4723, 0, 20.5312, alpha='100', beta='0.001', bound='2.0', crossoverRate='0.6', elitism='0.01', interAttemptRate='10', interMutationRate='0.25', intraMutationRate='0.2', populationSize='400', probBestIndividual='0.8', probReversal='0.33', probSingle='0.33'
884.6773, 891.0, 4559.1456, 0, 20.9773, alpha='100', beta='0.001', bound='2.0', crossoverRate='0.6', elitism='0.01', interAttemptRate='10', interMutationRate='0.25', intraMutationRate='0.2', populationSize='400', probBestIndividual='0.8', probReversal='0.33', probSingle='0.33'
899.0318, 891.0, 4627.9601, 0, 21.4318, alpha='100', beta='0.001', bound='2.0', crossoverRate='0.6', elitism='0.01', interAttemptRate='10', interMutationRate='0.25', intraMutationRate='0.2', populationSize='400', probBestIndividual='0.8', probReversal='0.33', probSingle='0.33'
913.4912, 891.0, 4695.4283, 0, 21.8912, alpha='100', beta='0.001', bound='2.0', crossoverRate='0.6', elitism='0.01', interAttemptRate='10', interMutationRate='0.25', intraMutationRate='0.2', populationSize='400', probBestIndividual='0.8', probReversal='0.33', probSingle='0.33'
928.0594, 891.0, 4764.0737, 0, 22.3594, alpha='100', beta='0.001', bound='2.0', crossoverRate='0.6', elitism='0.01', interAttemptRate='10', interMutationRate='0.25', intraMutationRate='0.2', populationSize='400', probBestIndividual='0.8', probReversal='0.33', probSingle='0.33'
942.7353, 891.0, 4833.5797, 0, 22.8353, alpha='100', beta='0.001', bound='2.0', crossoverRate='0.6', elitism='0.01', interAttemptRate='10', interMutationRate='0.25', intraMutationRate='0.2', populationSize='400', probBestIndividual='0.8', probReversal='0.33', probSingle='0.33'
957.4988, 891.0, 4899.9278, 0, 23.2988, alpha='100', beta='0.001', bound='2.0', crossoverRate='0.6', elitism='0.01', interAttemptRate='10', interMutationRate='0.25', intraMutationRate='0.2', populationSize='400', probBestIndividual='0.8', probReversal='0.33', probSingle='0.33'
972.3757, 891.0, 4967.6498, 0, 23.7757, alpha='100', beta='0.001', bound='2.0', crossoverRate='0.6', elitism='0.01', interAttemptRate='10', interMutationRate='0.25', intraMutationRate='0.2', populationSize='400', probBestIndividual='0.8', probReversal='0.33', probSingle='0.33'
987.3680, 891.0, 5043.6759, 0, 24.2680, alpha='100', beta='0.001', bound='2.0', crossoverRate='0.6', elitism='0.01', interAttemptRate='10', interMutationRate='0.25', intraMutationRate='0.2', populationSize='400', probBestIndividual='0.8', probReversal='0.33', probSingle='0.33'
1002.4715, 891.0, 5118.5131, 0, 24.7715, alpha='100', beta='0.001', bound='2.0', crossoverRate='0.6', elitism='0.01', interAttemptRate='10', interMutationRate='0.25', intraMutationRate='0.2', populationSize='400', probBestIndividual='0.8', probReversal='0.33', probSingle='0.33'
1017.6756, 891.0, 5198.3668, 0, 25.2756, alpha='100', beta='0.001', bound='2.0', crossoverRate='0.6', elitism='0.01', interAttemptRate='10', interMutationRate='0.25', intraMutationRate='0.2', populationSize='400', probBestIndividual='0.8', probReversal='0.33', probSingle='0.33'
1025.4711, 891.0, 5237.8586, 155, 25.4711, alpha='200', beta='0.1', bound='2.5', crossoverRate='0.6', elitism='0.20', interAttemptRate='2', interMutationRate='0.2', intraMutationRate='1.0', populationSize='2000', probBestIndividual='0.9', probReversal='0.33', probSingle='1.0'
1025.4713, 891.0, 5237.8587, 155, 25.4713, alpha='200', beta='0.1', bound='2.5', crossoverRate='0.6', elitism='0.20', interAttemptRate='2', interMutationRate='0.2', intraMutationRate='1.0', populationSize='2000', probBestIndividual='0.9', probReversal='0.33', probSingle='1.0'
